resume_text,job_description,match_score,match_label
"Python developer with 8 years of experience building backend applications using REST APIs, Docker, Django, FastAPI. Experienced in API development, database design, debugging, testing, and collaborating with development teams.","We need a Frontend Developer experienced with React, HTML, Git, TypeScript, REST APIs. The role involves building responsive interfaces, integrating APIs, improving performance, and collaborating with designers. Preferred transferable experience includes Python, SQL, APIs, analytics, cloud, or software development depending on the project.",0.44,Medium
"UI/UX Designer with 3 years of experience in wireframing, Figma, user research, prototyping, responsive design. Created user flows, prototypes, design systems, and interfaces based on user research and testing.","Seeking a Business Analyst with experience in Excel, SQL, process analysis, Power BI, documentation. The candidate will gather requirements, analyze business processes, prepare documentation, and work with stakeholders. Preferred transferable experience includes Python, SQL, APIs, analytics, cloud, or software development depending on the project.",0.41,medium
"Business Analyst with 9 years of experience in Power BI, requirements gathering, process analysis, Excel, stakeholder management, SQL. Gathered requirements, analyzed processes, prepared documentation, and supported data-driven decisions.","Seeking a Business Analyst with experience in SQL, Excel, stakeholder management, process analysis, documentation, Power BI, requirements gathering. The candidate will gather requirements, analyze business processes, prepare documentation, and work with stakeholders.",0.95,HIGH
"Backend Developer with 9 years of experience building server-side applications using PostgreSQL, Docker, SQL, Node.js. Designed APIs, optimized databases, and delivered reliable services.","Hiring a Java Developer with experience in SQL, Hibernate, Docker, Java, Git. Responsibilities include designing backend services, developing APIs, working with databases, and writing maintainable code. Preferred transferable experience includes Python, SQL, APIs, analytics, cloud, or software development depending on the project.",0.66,Medium
"Machine Learning Engineer with 3 years of experience working with Machine Learning, AWS, Python, Docker. Developed training pipelines, deployed ML models, optimized inference, and monitored model performance.","Seeking a Cloud Engineer experienced in Linux, Docker, AWS, cloud architecture. The role includes designing cloud infrastructure, managing deployments, improving reliability, and supporting secure systems.",0.34,LOW
"Python developer with 2 years of experience building backend applications using Django, Git, Python, REST APIs, Docker. Experienced in API development, database design, debugging, testing, and collaborating with development teams.","Seeking a Cloud Engineer experienced in Terraform, cloud architecture, AWS. The role includes designing cloud infrastructure, managing deployments, improving reliability, and supporting secure systems. Preferred transferable experience includes Python, SQL, APIs, analytics, cloud, or software development depending on the project.",0.44,Medium
"DevOps Engineer with 5 years of experience using Git, AWS, Terraform, CI/CD, Kubernetes, Linux, Docker. Automated deployments, managed cloud infrastructure, monitored systems, and improved reliability.","Seeking a DevOps Engineer skilled in Terraform, Kubernetes, CI/CD, Docker, Git, Linux, AWS. The candidate will manage infrastructure, automate CI/CD pipelines, deploy containers, and monitor production systems.",99.0,High
"Frontend Developer with 2 years of experience creating responsive web applications using TypeScript, React, REST APIs, CSS, JavaScript, Git, HTML. Focused on reusable components, performance, accessibility, and user experience.","We need a Frontend Developer experienced with REST APIs, React, CSS, HTML, Git. The role involves building responsive interfaces, integrating APIs, improving performance, and collaborating with designers.",0.78,High
"DevOps Engineer with 4 years of experience using AWS, Terraform, Docker. Automated deployments, managed cloud infrastructure, monitored systems, and improved reliability.","We are hiring a Python Developer with experience in Docker, PostgreSQL, FastAPI. The candidate should build scalable backend services, develop REST APIs, work with databases, and collaborate using Git.",0.34,Low
"Backend Developer with 3 years of experience building server-side applications using Git, REST APIs, SQL, PostgreSQL. Designed APIs, optimized databases, and delivered reliable services.","Seeking a DevOps Engineer skilled in CI/CD, Git, Kubernetes, Docker, Terraform. The candidate will manage infrastructure, automate CI/CD pipelines, deploy containers, and monitor production systems. Preferred transferable experience includes Python, SQL, APIs, analytics, cloud, or software development depending on the project.",0.61,Medium
"Business Analyst with 2 years of experience in Excel, Power BI, requirements gathering. Gathered requirements, analyzed processes, prepared documentation, and supported data-driven decisions.","Seeking a Machine Learning Engineer with strong experience in Docker, TensorFlow, AWS, PyTorch, Machine Learning. You will build, train, deploy, and maintain production machine learning systems.",0.3,low
"Business Analyst with 6 years of experience in process analysis, stakeholder management, Power BI, documentation, SQL, requirements gathering, Excel. Gathered requirements, analyzed processes, prepared documentation, and supported data-driven decisions.","Seeking a Business Analyst with experience in Power BI, requirements gathering, process analysis, stakeholder management, documentation, Excel, SQL. The candidate will gather requirements, analyze business processes, prepare documentation, and work with stakeholders.",0.87,High
"UI/UX Designer with 3 years of experience in wireframing, design systems, user research, usability testing. Created user flows, prototypes, design systems, and interfaces based on user research and testing.","Seeking a Machine Learning Engineer with strong experience in Machine Learning, AWS, MLOps, Python. You will build, train, deploy, and maintain production machine learning systems.",0.06,low
"Data Scientist with 8 years of experience using Python, Pandas, SQL, scikit-learn, data visualization. Built predictive models, performed exploratory data analysis, cleaned datasets, and communicated insights to stakeholders.","Looking for a Data Scientist skilled in NumPy, scikit-learn, Python, data visualization, SQL, Machine Learning, Pandas. Responsibilities include data analysis, feature engineering, model development, evaluation, and presenting business insights.",0.87,HIGH
"UI/UX Designer with 7 years of experience in responsive design, wireframing, Figma, prototyping, usability testing, design systems. Created user flows, prototypes, design systems, and interfaces based on user research and testing.","Hiring a UI/UX Designer skilled in design systems, responsive design, user research, prototyping, Figma, wireframing. You will conduct user research, create wireframes and prototypes, maintain design systems, and improve product usability.",0.92,high
"Data Analyst with 4 years of experience using Pandas, Tableau, Python, Power BI, Excel. Created dashboards, cleaned data, performed analysis, and delivered reports that support business decisions.","We are hiring a Data Analyst with experience in Pandas, Excel, data visualization, Tableau, Power BI, SQL. You will analyze datasets, create dashboards, write SQL queries, and communicate actionable insights.",0.93,HIGH
"Frontend Developer with 7 years of experience creating responsive web applications using HTML, JavaScript, REST APIs, TypeScript, CSS, React. Focused on reusable components, performance, accessibility, and user experience.","We need a Frontend Developer experienced with REST APIs, TypeScript, HTML, JavaScript, CSS, React, Git. The role involves building responsive interfaces, integrating APIs, improving performance, and collaborating with designers.",0.87,High
"Cloud Engineer with 3 years of experience using Kubernetes, Docker, networking, AWS, cloud architecture, Linux. Designed cloud infrastructure, automated deployments, improved security, and maintained scalable services.","Seeking a Cloud Engineer experienced in AWS, Terraform, Linux, cloud architecture, networking, Kubernetes. The role includes designing cloud infrastructure, managing deployments, improving reliability, and supporting secure systems.",0.79,high
"Business Analyst with 7 years of experience in SQL, Power BI, Excel, stakeholder management. Gathered requirements, analyzed processes, prepared documentation, and supported data-driven decisions.","We need a Frontend Developer experienced with Git, REST APIs, CSS, React, TypeScript. The role involves building responsive interfaces, integrating APIs, improving performance, and collaborating with designers. Preferred transferable experience includes Python, SQL, APIs, analytics, cloud, or software development depending on the project.",0.51,Medium
"Cybersecurity Analyst with 6 years of experience in vulnerability assessment, Python, security monitoring. Investigated alerts, performed vulnerability assessments, supported incident response, and improved security controls.","Seeking a Cloud Engineer experienced in AWS, Linux, networking, Kubernetes. The role includes designing cloud infrastructure, managing deployments, improving reliability, and supporting secure systems. Preferred transferable experience includes Python, SQL, APIs, analytics, cloud, or software development depending on the project.",0.55,Medium
"Cloud Engineer with 5 years of experience using Linux, Terraform, AWS. Designed cloud infrastructure, automated deployments, improved security, and maintained scalable services.","Seeking a Business Analyst with experience in Power BI, stakeholder management, Excel, requirements gathering, process analysis. The candidate will gather requirements, analyze business processes, prepare documentation, and work with stakeholders. Preferred transferable experience includes Python, SQL, APIs, analytics, cloud, or software development depending on the project.",0.43,MEDIUM
"Data Analyst with 4 years of experience using SQL, Power BI, data visualization, Excel, Tableau, Python, Pandas. Created dashboards, cleaned data, performed analysis, and delivered reports that support business decisions.","We are hiring a Data Analyst with experience in SQL, Power BI, Excel, data visualization, Python, Pandas. You will analyze datasets, create dashboards, write SQL queries, and communicate actionable insights.",0.83,HIGH
"DevOps Engineer with 6 years of experience using CI/CD, Linux, Git, Terraform, Kubernetes. Automated deployments, managed cloud infrastructure, monitored systems, and improved reliability.","Hiring a Java Developer with experience in REST APIs, Docker, Java, SQL, Git. Responsibilities include designing backend services, developing APIs, working with databases, and writing maintainable code.",0.2,LOW
"Frontend Developer with 7 years of experience creating responsive web applications using TypeScript, HTML, REST APIs, React, CSS. Focused on reusable components, performance, accessibility, and user experience.","We are hiring a Python Developer with experience in FastAPI, Docker, PostgreSQL, Git, REST APIs. The candidate should build scalable backend services, develop REST APIs, work with databases, and collaborate using Git. Preferred transferable experience includes Python, SQL, APIs, analytics, cloud, or software development depending on the project.",0.7,MEDIUM
"UI/UX Designer with 4 years of experience in responsive design, prototyping, design systems. Created user flows, prototypes, design systems, and interfaces based on user research and testing.","Looking for a Cybersecurity Analyst with knowledge of incident response, SIEM, vulnerability assessment, Python, security monitoring. Responsibilities include monitoring security events, investigating incidents, and supporting vulnerability management. Preferred transferable experience includes Python, SQL, APIs, analytics, cloud, or software development depending on the project.",0.54,Medium
"Data Analyst with 3 years of experience using data visualization, Pandas, Power BI, SQL, Python. Created dashboards, cleaned data, performed analysis, and delivered reports that support business decisions.","We are hiring a Data Analyst with experience in Power BI, Excel, Tableau, Python, data visualization, SQL, Pandas. You will analyze datasets, create dashboards, write SQL queries, and communicate actionable insights.",0.8,High
"Cybersecurity Analyst with 9 years of experience in Linux, incident response, security monitoring, network security, vulnerability assessment, Python, SIEM. Investigated alerts, performed vulnerability assessments, supported incident response, and improved security controls.","Looking for a Cybersecurity Analyst with knowledge of incident response, network security, security monitoring, Python, vulnerability assessment, SIEM, Linux. Responsibilities include monitoring security events, investigating incidents, and supporting vulnerability management.",0.33,HIGH
"Data Scientist with 9 years of experience using Machine Learning, Python, Pandas, SQL. Built predictive models, performed exploratory data analysis, cleaned datasets, and communicated insights to stakeholders.","We are hiring a Python Developer with experience in Python, FastAPI, PostgreSQL, REST APIs. The candidate should build scalable backend services, develop REST APIs, work with databases, and collaborate using Git.",0.11,low
"Business Analyst with 9 years of experience in Power BI, SQL, Excel, process analysis, requirements gathering. Gathered requirements, analyzed processes, prepared documentation, and supported data-driven decisions.","Looking for a Backend Developer experienced in PostgreSQL, SQL, Node.js, Python, REST APIs. Responsibilities include building APIs, designing databases, improving performance, and maintaining backend services. Preferred transferable experience includes Python, SQL, APIs, analytics, cloud, or software development depending on the project.",0.41,medium
"Backend Developer with 7 years of experience building server-side applications using REST APIs, SQL, PostgreSQL. Designed APIs, optimized databases, and delivered reliable services.","Seeking a Business Analyst with experience in process analysis, requirements gathering, Excel, stakeholder management. The candidate will gather requirements, analyze business processes, prepare documentation, and work with stakeholders.",0.1,Low
"DevOps Engineer with 7 years of experience using CI/CD, AWS, Docker, Linux, Git. Automated deployments, managed cloud infrastructure, monitored systems, and improved reliability.","Hiring a UI/UX Designer skilled in user research, usability testing, responsive design, design systems. You will conduct user research, create wireframes and prototypes, maintain design systems, and improve product usability. Preferred transferable experience includes Python, SQL, APIs, analytics, cloud, or software development depending on the project.",0.63,MEDIUM
"Data Scientist with 3 years of experience using Python, SQL, Machine Learning, Pandas. Built predictive models, performed exploratory data analysis, cleaned datasets, and communicated insights to stakeholders.","Seeking a DevOps Engineer skilled in Kubernetes, CI/CD, Docker, Terraform. The candidate will manage infrastructure, automate CI/CD pipelines, deploy containers, and monitor production systems. Preferred transferable experience includes Python, SQL, APIs, analytics, cloud, or software development depending on the project.",0.5,medium
"Java Developer with 3 years of experience developing enterprise applications using Git, REST APIs, Spring Boot, Docker. Built backend services, integrated databases, and maintained reliable APIs.","We are hiring a Data Analyst with experience in Pandas, Excel, Tableau, Python, Power BI. You will analyze datasets, create dashboards, write SQL queries, and communicate actionable insights. Preferred transferable experience includes Python, SQL, APIs, analytics, cloud, or software development depending on the project.",0.48,medium
"Cloud Engineer with 4 years of experience using networking, cloud architecture, Terraform, Linux, Kubernetes, AWS. Designed cloud infrastructure, automated deployments, improved security, and maintained scalable services.","Seeking a Cloud Engineer experienced in Kubernetes, Docker, Terraform, AWS, Linux, networking, cloud architecture. The role includes designing cloud infrastructure, managing deployments, improving reliability, and supporting secure systems.",0.77,high
"UI/UX Designer with 8 years of experience in Figma, wireframing, responsive design, design systems, prototyping, user research, usability testing. Created user flows, prototypes, design systems, and interfaces based on user research and testing.","Hiring a UI/UX Designer skilled in user research, prototyping, wireframing, usability testing, design systems, responsive design. You will conduct user research, create wireframes and prototypes, maintain design systems, and improve product usability.",0.91,HIGH
"Python developer with 5 years of experience building backend applications using PostgreSQL, Django, Python. Experienced in API development, database design, debugging, testing, and collaborating with development teams.","Seeking a Machine Learning Engineer with strong experience in Machine Learning, Python, TensorFlow, PyTorch, MLOps. You will build, train, deploy, and maintain production machine learning systems.",0.15,low
"Business Analyst with 9 years of experience in documentation, process analysis, requirements gathering, SQL. Gathered requirements, analyzed processes, prepared documentation, and supported data-driven decisions.","We need a Frontend Developer experienced with React, TypeScript, HTML, CSS, Git. The role involves building responsive interfaces, integrating APIs, improving performance, and collaborating with designers. Preferred transferable experience includes Python, SQL, APIs, analytics, cloud, or software development depending on the project.",0.51,medium
"UI/UX Designer with 5 years of experience in wireframing, user research, Figma, design systems, responsive design. Created user flows, prototypes, design systems, and interfaces based on user research and testing.","Seeking a Business Analyst with experience in Excel, documentation, requirements gathering. The candidate will gather requirements, analyze business processes, prepare documentation, and work with stakeholders.",0.07,low
"UI/UX Designer with 7 years of experience in responsive design, design systems, Figma. Created user flows, prototypes, design systems, and interfaces based on user research and testing.","Seeking a Machine Learning Engineer with strong experience in Python, AWS, Docker. You will build, train, deploy, and maintain production machine learning systems. Preferred transferable experience includes Python, SQL, APIs, analytics, cloud, or software development depending on the project.",0.48,medium
"DevOps Engineer with 9 years of experience using Terraform, CI/CD, Linux, AWS, Kubernetes. Automated deployments, managed cloud infrastructure, monitored systems, and improved reliability.","We are hiring a Python Developer with experience in REST APIs, Python, Git, FastAPI, Docker. The candidate should build scalable backend services, develop REST APIs, work with databases, and collaborate using Git. Preferred transferable experience includes Python, SQL, APIs, analytics, cloud, or software development depending on the project.",0.69,medium
"Data Scientist with 7 years of experience using NumPy, Pandas, SQL, Python, data visualization, Machine Learning. Built predictive models, performed exploratory data analysis, cleaned datasets, and communicated insights to stakeholders.","Looking for a Data Scientist skilled in SQL, NumPy, Pandas, data visualization, scikit-learn, Python. Responsibilities include data analysis, feature engineering, model development, evaluation, and presenting business insights.",0.84,High
"Python developer with 8 years of experience building backend applications using Docker, FastAPI, REST APIs, Python, PostgreSQL. Experienced in API development, database design, debugging, testing, and collaborating with development teams.","Looking for a Backend Developer experienced in REST APIs, Node.js, PostgreSQL. Responsibilities include building APIs, designing databases, improving performance, and maintaining backend services. Preferred transferable experience includes Python, SQL, APIs, analytics, cloud, or software development depending on the project.",0.62,MEDIUM
"UI/UX Designer with 3 years of experience in wireframing, usability testing, user research, design systems, prototyping. Created user flows, prototypes, design systems, and interfaces based on user research and testing.","Hiring a UI/UX Designer skilled in user research, usability testing, design systems, prototyping, responsive design, wireframing, Figma. You will conduct user research, create wireframes and prototypes, maintain design systems, and improve product usability.",0.84,High
"DevOps Engineer with 6 years of experience using Git, CI/CD, Linux, Docker. Automated deployments, managed cloud infrastructure, monitored systems, and improved reliability.","Hiring a Java Developer with experience in Hibernate, Git, SQL. Responsibilities include designing backend services, developing APIs, working with databases, and writing maintainable code.",0.28,Low
"Machine Learning Engineer with 7 years of experience working with PyTorch, Machine Learning, Python, TensorFlow. Developed training pipelines, deployed ML models, optimized inference, and monitored model performance.","Looking for a Cybersecurity Analyst with knowledge of Python, incident response, SIEM, vulnerability assessment. Responsibilities include monitoring security events, investigating incidents, and supporting vulnerability management.",0.22,low
"UI/UX Designer with 2 years of experience in Figma, usability testing, responsive design, wireframing, design systems. Created user flows, prototypes, design systems, and interfaces based on user research and testing.","Hiring a UI/UX Designer skilled in responsive design, prototyping, Figma, wireframing, user research. You will conduct user research, create wireframes and prototypes, maintain design systems, and improve product usability.",0.88,high
"Data Scientist with 4 years of experience using Python, Machine Learning, Pandas, data visualization, scikit-learn, SQL, NumPy. Built predictive models, performed exploratory data analysis, cleaned datasets, and communicated insights to stakeholders.","Looking for a Data Scientist skilled in data visualization, scikit-learn, SQL, Pandas, Python, Machine Learning, NumPy. Responsibilities include data analysis, feature engineering, model development, evaluation, and presenting business insights.",1.25,HIGH
"Frontend Developer with 6 years of experience creating responsive web applications using JavaScript, CSS, REST APIs, HTML, React. Focused on reusable components, performance, accessibility, and user experience.","Seeking a Machine Learning Engineer with strong experience in Machine Learning, MLOps, TensorFlow, Python. You will build, train, deploy, and maintain production machine learning systems.",0.24,Low
"Cloud Engineer with 4 years of experience using AWS, networking, Terraform, cloud architecture. Designed cloud infrastructure, automated deployments, improved security, and maintained scalable services.","Seeking a Business Analyst with experience in SQL, stakeholder management, process analysis. The candidate will gather requirements, analyze business processes, prepare documentation, and work with stakeholders. Preferred transferable experience includes Python, SQL, APIs, analytics, cloud, or software development depending on the project.",0.48,Medium
"Machine Learning Engineer with 6 years of experience working with TensorFlow, Python, MLOps, Machine Learning, AWS, PyTorch. Developed training pipelines, deployed ML models, optimized inference, and monitored model performance.","Seeking a Machine Learning Engineer with strong experience in PyTorch, Machine Learning, Docker, AWS, TensorFlow. You will build, train, deploy, and maintain production machine learning systems.",0.86,HIGH
"Backend Developer with 7 years of experience building server-side applications using Git, Docker, PostgreSQL, SQL, Node.js. Designed APIs, optimized databases, and delivered reliable services.","Looking for a Backend Developer experienced in Docker, SQL, PostgreSQL, Python, REST APIs, Git, Node.js. Responsibilities include building APIs, designing databases, improving performance, and maintaining backend services.",0.88,High
"Machine Learning Engineer with 8 years of experience working with TensorFlow, Machine Learning, MLOps, Docker, PyTorch. Developed training pipelines, deployed ML models, optimized inference, and monitored model performance.","Seeking a Business Analyst with experience in process analysis, documentation, stakeholder management. The candidate will gather requirements, analyze business processes, prepare documentation, and work with stakeholders. Preferred transferable experience includes Python, SQL, APIs, analytics, cloud, or software development depending on the project.",0.44,Medium
"Data Analyst with 3 years of experience using SQL, Tableau, Power BI, data visualization, Pandas, Python, Excel. Created dashboards, cleaned data, performed analysis, and delivered reports that support business decisions.","We are hiring a Data Analyst with experience in Pandas, data visualization, Excel, Tableau, SQL, Python. You will analyze datasets, create dashboards, write SQL queries, and communicate actionable insights.",0.83,High
"Cybersecurity Analyst with 5 years of experience in vulnerability assessment, incident response, Python, security monitoring, SIEM. Investigated alerts, performed vulnerability assessments, supported incident response, and improved security controls.","Looking for a Cybersecurity Analyst with knowledge of Python, network security, SIEM, Linux, vulnerability assessment, security monitoring, incident response. Responsibilities include monitoring security events, investigating incidents, and supporting vulnerability management.",0.87,high
"Cybersecurity Analyst with 6 years of experience in incident response, SIEM, Python, network security, Linux, security monitoring. Investigated alerts, performed vulnerability assessments, supported incident response, and improved security controls.","Looking for a Cybersecurity Analyst with knowledge of Python, network security, incident response, SIEM, Linux. Responsibilities include monitoring security events, investigating incidents, and supporting vulnerability management.",0.76,HIGH
"Java Developer with 6 years of experience developing enterprise applications using Spring Boot, Java, REST APIs, Docker, Git. Built backend services, integrated databases, and maintained reliable APIs.","Hiring a UI/UX Designer skilled in usability testing, design systems, wireframing. You will conduct user research, create wireframes and prototypes, maintain design systems, and improve product usability. Preferred transferable experience includes Python, SQL, APIs, analytics, cloud, or software development depending on the project.",0.59,medium
"Data Analyst with 6 years of experience using Tableau, Pandas, SQL, Excel, Power BI, Python, data visualization. Created dashboards, cleaned data, performed analysis, and delivered reports that support business decisions.","We are hiring a Data Analyst with experience in SQL, data visualization, Excel, Power BI, Pandas, Python. You will analyze datasets, create dashboards, write SQL queries, and communicate actionable insights.",0.82,HIGH
"Backend Developer with 2 years of experience building server-side applications using Docker, REST APIs, Node.js, PostgreSQL, Python. Designed APIs, optimized databases, and delivered reliable services.","Looking for a Backend Developer experienced in Python, Docker, PostgreSQL, Git, REST APIs, Node.js, SQL. Responsibilities include building APIs, designing databases, improving performance, and maintaining backend services.",0.76,high
"DevOps Engineer with 2 years of experience using Git, Linux, AWS, Docker, Kubernetes. Automated deployments, managed cloud infrastructure, monitored systems, and improved reliability.","Hiring a Java Developer with experience in Git, Java, Spring Boot, SQL, Docker. Responsibilities include designing backend services, developing APIs, working with databases, and writing maintainable code. Preferred transferable experience includes Python, SQL, APIs, analytics, cloud, or software development depending on the project.",0.68,medium
"Cybersecurity Analyst with 8 years of experience in network security, security monitoring, vulnerability assessment, incident response, Python. Investigated alerts, performed vulnerability assessments, supported incident response, and improved security controls.","Seeking a Cloud Engineer experienced in Terraform, networking, Docker. The role includes designing cloud infrastructure, managing deployments, improving reliability, and supporting secure systems. Preferred transferable experience includes Python, SQL, APIs, analytics, cloud, or software development depending on the project.",0.66,medium
"Business Analyst with 2 years of experience in requirements gathering, documentation, SQL. Gathered requirements, analyzed processes, prepared documentation, and supported data-driven decisions.","Looking for a Data Scientist skilled in NumPy, Pandas, data visualization. Responsibilities include data analysis, feature engineering, model development, evaluation, and presenting business insights.",0.33,low
"Cybersecurity Analyst with 4 years of experience in vulnerability assessment, network security, Python, incident response. Investigated alerts, performed vulnerability assessments, supported incident response, and improved security controls.","Seeking a Business Analyst with experience in Power BI, documentation, process analysis, requirements gathering. The candidate will gather requirements, analyze business processes, prepare documentation, and work with stakeholders.",0.22,LOW
"Data Analyst with 6 years of experience using data visualization, Excel, Python, Pandas, Power BI, SQL. Created dashboards, cleaned data, performed analysis, and delivered reports that support business decisions.","We are hiring a Data Analyst with experience in Pandas, SQL, Python, Excel, data visualization, Power BI. You will analyze datasets, create dashboards, write SQL queries, and communicate actionable insights.",0.81,HIGH
"DevOps Engineer with 4 years of experience using Git, Terraform, Kubernetes, Linux. Automated deployments, managed cloud infrastructure, monitored systems, and improved reliability.","Looking for a Cybersecurity Analyst with knowledge of SIEM, incident response, network security, security monitoring, Python. Responsibilities include monitoring security events, investigating incidents, and supporting vulnerability management. Preferred transferable experience includes Python, SQL, APIs, analytics, cloud, or software development depending on the project.",0.44,Medium
"Business Analyst with 8 years of experience in Excel, process analysis, SQL. Gathered requirements, analyzed processes, prepared documentation, and supported data-driven decisions.","Looking for a Cybersecurity Analyst with knowledge of vulnerability assessment, Python, incident response. Responsibilities include monitoring security events, investigating incidents, and supporting vulnerability management.",0.32,low
"Data Scientist with 2 years of experience using data visualization, SQL, Pandas, Python, NumPy. Built predictive models, performed exploratory data analysis, cleaned datasets, and communicated insights to stakeholders.","Looking for a Data Scientist skilled in scikit-learn, SQL, NumPy, Pandas, Python, Machine Learning. Responsibilities include data analysis, feature engineering, model development, evaluation, and presenting business insights.",0.88,High
"Java Developer with 9 years of experience developing enterprise applications using Git, REST APIs, Hibernate, SQL. Built backend services, integrated databases, and maintained reliable APIs.","Looking for a Backend Developer experienced in REST APIs, Git, Python. Responsibilities include building APIs, designing databases, improving performance, and maintaining backend services. Preferred transferable experience includes Python, SQL, APIs, analytics, cloud, or software development depending on the project.",0.69,MEDIUM
"Java Developer with 8 years of experience developing enterprise applications using Java, Git, Docker, Spring Boot, SQL, Hibernate. Built backend services, integrated databases, and maintained reliable APIs.","Hiring a Java Developer with experience in SQL, Hibernate, Docker, REST APIs, Spring Boot. Responsibilities include designing backend services, developing APIs, working with databases, and writing maintainable code.",0.9,High
"Frontend Developer with 5 years of experience creating responsive web applications using Git, TypeScript, CSS, HTML, REST APIs. Focused on reusable components, performance, accessibility, and user experience.","Looking for a Cybersecurity Analyst with knowledge of security monitoring, SIEM, Linux, vulnerability assessment. Responsibilities include monitoring security events, investigating incidents, and supporting vulnerability management.",0.14,Low
"Data Scientist with 6 years of experience using NumPy, Pandas, data visualization, Python. Built predictive models, performed exploratory data analysis, cleaned datasets, and communicated insights to stakeholders.","We need a Frontend Developer experienced with HTML, React, CSS, Git. The role involves building responsive interfaces, integrating APIs, improving performance, and collaborating with designers. Preferred transferable experience includes Python, SQL, APIs, analytics, cloud, or software development depending on the project.",0.54,medium
"DevOps Engineer with 5 years of experience using Docker, CI/CD, Git. Automated deployments, managed cloud infrastructure, monitored systems, and improved reliability.","Looking for a Backend Developer experienced in Docker, PostgreSQL, REST APIs, SQL. Responsibilities include building APIs, designing databases, improving performance, and maintaining backend services. Preferred transferable experience includes Python, SQL, APIs, analytics, cloud, or software development depending on the project.",0.61,Medium
"Cloud Engineer with 4 years of experience using AWS, cloud architecture, Kubernetes, Terraform, Docker, networking, Linux. Designed cloud infrastructure, automated deployments, improved security, and maintained scalable services.","Seeking a Cloud Engineer experienced in Docker, Kubernetes, Linux, networking, Terraform, AWS. The role includes designing cloud infrastructure, managing deployments, improving reliability, and supporting secure systems.",0.91,HIGH
"DevOps Engineer with 7 years of experience using Git, Kubernetes, Terraform, AWS, Linux. Automated deployments, managed cloud infrastructure, monitored systems, and improved reliability.","Hiring a Java Developer with experience in REST APIs, Spring Boot, Java. Responsibilities include designing backend services, developing APIs, working with databases, and writing maintainable code.",0.29,LOW
"Data Scientist with 2 years of experience using NumPy, data visualization, scikit-learn, SQL, Machine Learning. Built predictive models, performed exploratory data analysis, cleaned datasets, and communicated insights to stakeholders.","Looking for a Data Scientist skilled in Machine Learning, Pandas, SQL, NumPy, Python. Responsibilities include data analysis, feature engineering, model development, evaluation, and presenting business insights.",0.89,High
"Cloud Engineer with 4 years of experience using Linux, Terraform, Kubernetes, AWS. Designed cloud infrastructure, automated deployments, improved security, and maintained scalable services.","Looking for a Cybersecurity Analyst with knowledge of incident response, SIEM, network security, Linux, vulnerability assessment. Responsibilities include monitoring security events, investigating incidents, and supporting vulnerability management. Preferred transferable experience includes Python, SQL, APIs, analytics, cloud, or software development depending on the project.",0.45,MEDIUM
"Machine Learning Engineer with 8 years of experience working with Machine Learning, PyTorch, AWS, MLOps, Python. Developed training pipelines, deployed ML models, optimized inference, and monitored model performance.","Looking for a Cybersecurity Analyst with knowledge of vulnerability assessment, Python, security monitoring, network security, incident response. Responsibilities include monitoring security events, investigating incidents, and supporting vulnerability management. Preferred transferable experience includes Python, SQL, APIs, analytics, cloud, or software development depending on the project.",0.58,medium
"Machine Learning Engineer with 4 years of experience working with MLOps, TensorFlow, Python, PyTorch, Machine Learning. Developed training pipelines, deployed ML models, optimized inference, and monitored model performance.","Seeking a DevOps Engineer skilled in Terraform, Kubernetes, CI/CD. The candidate will manage infrastructure, automate CI/CD pipelines, deploy containers, and monitor production systems.",0.29,Low
"Business Analyst with 7 years of experience in process analysis, documentation, stakeholder management, SQL. Gathered requirements, analyzed processes, prepared documentation, and supported data-driven decisions.","Seeking a Cloud Engineer experienced in cloud architecture, Terraform, Docker. The role includes designing cloud infrastructure, managing deployments, improving reliability, and supporting secure systems.",0.26,LOW
"Java Developer with 3 years of experience developing enterprise applications using Java, SQL, Spring Boot. Built backend services, integrated databases, and maintained reliable APIs.","We are hiring a Data Analyst with experience in Tableau, SQL, Excel. You will analyze datasets, create dashboards, write SQL queries, and communicate actionable insights.",0.13,low
"Cloud Engineer with 5 years of experience using Docker, Linux, cloud architecture. Designed cloud infrastructure, automated deployments, improved security, and maintained scalable services.","We are hiring a Data Analyst with experience in SQL, Power BI, Pandas, Tableau. You will analyze datasets, create dashboards, write SQL queries, and communicate actionable insights. Preferred transferable experience includes Python, SQL, APIs, analytics, cloud, or software development depending on the project.",0.57,medium
"DevOps Engineer with 7 years of experience using Linux, AWS, CI/CD, Kubernetes, Docker. Automated deployments, managed cloud infrastructure, monitored systems, and improved reliability.","Seeking a DevOps Engineer skilled in Git, Terraform, AWS, Docker, CI/CD, Linux, Kubernetes. The candidate will manage infrastructure, automate CI/CD pipelines, deploy containers, and monitor production systems.",0.93,High
"Cybersecurity Analyst with 4 years of experience in vulnerability assessment, incident response, network security. Investigated alerts, performed vulnerability assessments, supported incident response, and improved security controls.","Seeking a Cloud Engineer experienced in cloud architecture, Terraform, Kubernetes. The role includes designing cloud infrastructure, managing deployments, improving reliability, and supporting secure systems.",0.26,Low
"Business Analyst with 2 years of experience in process analysis, documentation, Excel, SQL, stakeholder management. Gathered requirements, analyzed processes, prepared documentation, and supported data-driven decisions.","Seeking a DevOps Engineer skilled in Git, CI/CD, AWS. The candidate will manage infrastructure, automate CI/CD pipelines, deploy containers, and monitor production systems.",0.14,Low
"DevOps Engineer with 8 years of experience using Git, Terraform, Linux, CI/CD, AWS. Automated deployments, managed cloud infrastructure, monitored systems, and improved reliability.","Seeking a DevOps Engineer skilled in Linux, Kubernetes, AWS, CI/CD, Terraform, Docker. The candidate will manage infrastructure, automate CI/CD pipelines, deploy containers, and monitor production systems.",0.89,High
"Machine Learning Engineer with 5 years of experience working with Machine Learning, Python, TensorFlow, AWS. Developed training pipelines, deployed ML models, optimized inference, and monitored model performance.","Looking for a Cybersecurity Analyst with knowledge of vulnerability assessment, incident response, Linux, Python, security monitoring. Responsibilities include monitoring security events, investigating incidents, and supporting vulnerability management. Preferred transferable experience includes Python, SQL, APIs, analytics, cloud, or software development depending on the project.",0.52,medium
"DevOps Engineer with 3 years of experience using Git, Terraform, Kubernetes. Automated deployments, managed cloud infrastructure, monitored systems, and improved reliability.","Looking for a Cybersecurity Analyst with knowledge of network security, incident response, SIEM, Linux. Responsibilities include monitoring security events, investigating incidents, and supporting vulnerability management.",0.26,Low
"Machine Learning Engineer with 7 years of experience working with AWS, Python, Machine Learning, MLOps, TensorFlow, PyTorch, Docker. Developed training pipelines, deployed ML models, optimized inference, and monitored model performance.","Seeking a Machine Learning Engineer with strong experience in PyTorch, Machine Learning, AWS, Python, Docker, TensorFlow, MLOps. You will build, train, deploy, and maintain production machine learning systems.",0.87,High
"Business Analyst with 9 years of experience in Excel, stakeholder management, requirements gathering, process analysis. Gathered requirements, analyzed processes, prepared documentation, and supported data-driven decisions.","Seeking a DevOps Engineer skilled in CI/CD, Terraform, Kubernetes, Linux, AWS. The candidate will manage infrastructure, automate CI/CD pipelines, deploy containers, and monitor production systems. Preferred transferable experience includes Python, SQL, APIs, analytics, cloud, or software development depending on the project.",0.52,Medium
"Data Analyst with 3 years of experience using Power BI, Excel, Pandas, SQL, Python. Created dashboards, cleaned data, performed analysis, and delivered reports that support business decisions.","Looking for a Data Scientist skilled in Python, NumPy, Machine Learning, scikit-learn, SQL. Responsibilities include data analysis, feature engineering, model development, evaluation, and presenting business insights.",0.13,Low
"Machine Learning Engineer with 9 years of experience working with PyTorch, Docker, MLOps, AWS. Developed training pipelines, deployed ML models, optimized inference, and monitored model performance.","Looking for a Cybersecurity Analyst with knowledge of Linux, incident response, SIEM, Python. Responsibilities include monitoring security events, investigating incidents, and supporting vulnerability management. Preferred transferable experience includes Python, SQL, APIs, analytics, cloud, or software development depending on the project.",0.7,MEDIUM
"Frontend Developer with 9 years of experience creating responsive web applications using CSS, TypeScript, REST APIs, JavaScript. Focused on reusable components, performance, accessibility, and user experience.","Seeking a Business Analyst with experience in Excel, Power BI, SQL. The candidate will gather requirements, analyze business processes, prepare documentation, and work with stakeholders.",0.18,LOW
"Backend Developer with 5 years of experience building server-side applications using REST APIs, SQL, Python, Git, Docker, Node.js, PostgreSQL. Designed APIs, optimized databases, and delivered reliable services.","Looking for a Backend Developer experienced in REST APIs, PostgreSQL, Git, SQL, Node.js, Docker, Python. Responsibilities include building APIs, designing databases, improving performance, and maintaining backend services.",0.86,high
"Java Developer with 7 years of experience developing enterprise applications using Spring Boot, Hibernate, Docker, Java, Git, SQL, REST APIs. Built backend services, integrated databases, and maintained reliable APIs.","Hiring a Java Developer with experience in Hibernate, Git, Spring Boot, REST APIs, Java, Docker. Responsibilities include designing backend services, developing APIs, working with databases, and writing maintainable code.",0.8,high
"Machine Learning Engineer with 9 years of experience working with MLOps, PyTorch, AWS, Python. Developed training pipelines, deployed ML models, optimized inference, and monitored model performance.","Seeking a Business Analyst with experience in documentation, Power BI, requirements gathering, Excel, stakeholder management. The candidate will gather requirements, analyze business processes, prepare documentation, and work with stakeholders. Preferred transferable experience includes Python, SQL, APIs, analytics, cloud, or software development depending on the project.",0.41,medium
"Python developer with 5 years of experience building backend applications using Docker, Django, PostgreSQL, REST APIs, Python, Git. Experienced in API development, database design, debugging, testing, and collaborating with development teams.","We are hiring a Python Developer with experience in FastAPI, Python, Git, Django, REST APIs. The candidate should build scalable backend services, develop REST APIs, work with databases, and collaborate using Git.",0.88,HIGH
"Business Analyst with 2 years of experience in SQL, stakeholder management, Excel, documentation. Gathered requirements, analyzed processes, prepared documentation, and supported data-driven decisions.","Hiring a UI/UX Designer skilled in design systems, Figma, user research, wireframing, responsive design. You will conduct user research, create wireframes and prototypes, maintain design systems, and improve product usability.",0.27,low
"Java Developer with 4 years of experience developing enterprise applications using REST APIs, Java, Hibernate, Spring Boot, Git, SQL, Docker. Built backend services, integrated databases, and maintained reliable APIs.","Hiring a Java Developer with experience in Docker, REST APIs, Java, Hibernate, Spring Boot, Git, SQL. Responsibilities include designing backend services, developing APIs, working with databases, and writing maintainable code.",0.56,High
"DevOps Engineer with 2 years of experience using Linux, CI/CD, Terraform, Git. Automated deployments, managed cloud infrastructure, monitored systems, and improved reliability.","Looking for a Data Scientist skilled in scikit-learn, Python, SQL, Pandas, NumPy. Responsibilities include data analysis, feature engineering, model development, evaluation, and presenting business insights.",0.22,LOW
"Frontend Developer with 8 years of experience creating responsive web applications using HTML, Git, JavaScript. Focused on reusable components, performance, accessibility, and user experience.","Seeking a Machine Learning Engineer with strong experience in Docker, TensorFlow, Python, AWS, Machine Learning. You will build, train, deploy, and maintain production machine learning systems.",0.11,LOW
"Python developer with 6 years of experience building backend applications using Git, PostgreSQL, Django, Python, Docker, FastAPI. Experienced in API development, database design, debugging, testing, and collaborating with development teams.","We are hiring a Python Developer with experience in FastAPI, Git, REST APIs, Docker, Django, PostgreSQL, Python. The candidate should build scalable backend services, develop REST APIs, work with databases, and collaborate using Git.",0.95,High
"DevOps Engineer with 2 years of experience using Kubernetes, Linux, Git, Docker, Terraform. Automated deployments, managed cloud infrastructure, monitored systems, and improved reliability.","Seeking a DevOps Engineer skilled in Kubernetes, CI/CD, Docker, Terraform, AWS. The candidate will manage infrastructure, automate CI/CD pipelines, deploy containers, and monitor production systems.",0.87,high
"Cloud Engineer with 4 years of experience using Linux, AWS, Docker, Terraform, networking, Kubernetes. Designed cloud infrastructure, automated deployments, improved security, and maintained scalable services.","Seeking a Cloud Engineer experienced in Docker, cloud architecture, Linux, Terraform, AWS, networking, Kubernetes. The role includes designing cloud infrastructure, managing deployments, improving reliability, and supporting secure systems.",0.95,HIGH
"Frontend Developer with 5 years of experience creating responsive web applications using HTML, Git, CSS. Focused on reusable components, performance, accessibility, and user experience.","Seeking a Business Analyst with experience in requirements gathering, process analysis, documentation, Power BI, stakeholder management. The candidate will gather requirements, analyze business processes, prepare documentation, and work with stakeholders.",0.24,LOW
"Java Developer with 4 years of experience developing enterprise applications using Git, SQL, Java, REST APIs, Hibernate, Spring Boot, Docker. Built backend services, integrated databases, and maintained reliable APIs.","Hiring a Java Developer with experience in SQL, Hibernate, Spring Boot, Java, REST APIs, Git. Responsibilities include designing backend services, developing APIs, working with databases, and writing maintainable code.",0.77,high
"Cloud Engineer with 4 years of experience using cloud architecture, networking, AWS, Kubernetes, Docker, Terraform. Designed cloud infrastructure, automated deployments, improved security, and maintained scalable services.","Seeking a Cloud Engineer experienced in Terraform, cloud architecture, Linux, Kubernetes, Docker, networking. The role includes designing cloud infrastructure, managing deployments, improving reliability, and supporting secure systems.",0.84,HIGH
"Data Scientist with 9 years of experience using Python, SQL, Machine Learning, data visualization. Built predictive models, performed exploratory data analysis, cleaned datasets, and communicated insights to stakeholders.","We are hiring a Data Analyst with experience in Excel, Pandas, Tableau, Power BI, Python. You will analyze datasets, create dashboards, write SQL queries, and communicate actionable insights. Preferred transferable experience includes Python, SQL, APIs, analytics, cloud, or software development depending on the project.",0.46,Medium
"DevOps Engineer with 5 years of experience using CI/CD, AWS, Kubernetes, Git, Linux, Terraform, Docker. Automated deployments, managed cloud infrastructure, monitored systems, and improved reliability.","Seeking a DevOps Engineer skilled in Git, Docker, Kubernetes, CI/CD, Terraform, AWS. The candidate will manage infrastructure, automate CI/CD pipelines, deploy containers, and monitor production systems.",0.91,HIGH
"Java Developer with 4 years of experience developing enterprise applications using Git, Hibernate, Java, REST APIs. Built backend services, integrated databases, and maintained reliable APIs.","Seeking a Machine Learning Engineer with strong experience in AWS, Machine Learning, TensorFlow, Python. You will build, train, deploy, and maintain production machine learning systems.",0.13,LOW
"UI/UX Designer with 9 years of experience in prototyping, design systems, Figma, usability testing, wireframing. Created user flows, prototypes, design systems, and interfaces based on user research and testing.","Seeking a Business Analyst with experience in Excel, process analysis, documentation. The candidate will gather requirements, analyze business processes, prepare documentation, and work with stakeholders. Preferred transferable experience includes Python, SQL, APIs, analytics, cloud, or software development depending on the project.",0.63,Medium
"Data Analyst with 3 years of experience using Python, data visualization, Pandas, Excel. Created dashboards, cleaned data, performed analysis, and delivered reports that support business decisions.","Hiring a UI/UX Designer skilled in prototyping, usability testing, user research, wireframing, Figma. You will conduct user research, create wireframes and prototypes, maintain design systems, and improve product usability. Preferred transferable experience includes Python, SQL, APIs, analytics, cloud, or software development depending on the project.",0.44,medium
"Java Developer with 8 years of experience developing enterprise applications using REST APIs, Docker, Hibernate. Built backend services, integrated databases, and maintained reliable APIs.","Seeking a Machine Learning Engineer with strong experience in Python, AWS, TensorFlow. You will build, train, deploy, and maintain production machine learning systems.",0.33,Low
"DevOps Engineer with 5 years of experience using Terraform, Linux, Kubernetes, CI/CD, AWS. Automated deployments, managed cloud infrastructure, monitored systems, and improved reliability.","Seeking a DevOps Engineer skilled in Docker, Git, Terraform, AWS, CI/CD, Linux, Kubernetes. The candidate will manage infrastructure, automate CI/CD pipelines, deploy containers, and monitor production systems.",0.9,High
"Frontend Developer with 3 years of experience creating responsive web applications using Git, CSS, React, TypeScript, REST APIs. Focused on reusable components, performance, accessibility, and user experience.","Hiring a Java Developer with experience in REST APIs, Hibernate, Git. Responsibilities include designing backend services, developing APIs, working with databases, and writing maintainable code. Preferred transferable experience includes Python, SQL, APIs, analytics, cloud, or software development depending on the project.",0.51,MEDIUM
"DevOps Engineer with 2 years of experience using Kubernetes, Terraform, Linux, Git. Automated deployments, managed cloud infrastructure, monitored systems, and improved reliability.","Seeking a Machine Learning Engineer with strong experience in MLOps, TensorFlow, Machine Learning, PyTorch. You will build, train, deploy, and maintain production machine learning systems. Preferred transferable experience includes Python, SQL, APIs, analytics, cloud, or software development depending on the project.",0.46,MEDIUM
"Data Analyst with 3 years of experience using Pandas, SQL, Excel, Power BI. Created dashboards, cleaned data, performed analysis, and delivered reports that support business decisions.","Hiring a Java Developer with experience in REST APIs, Git, Hibernate, SQL, Java. Responsibilities include designing backend services, developing APIs, working with databases, and writing maintainable code. Preferred transferable experience includes Python, SQL, APIs, analytics, cloud, or software development depending on the project.",0.58,medium
"UI/UX Designer with 4 years of experience in Figma, prototyping, usability testing, user research, responsive design, design systems. Created user flows, prototypes, design systems, and interfaces based on user research and testing.","Hiring a UI/UX Designer skilled in responsive design, design systems, prototyping, usability testing, Figma. You will conduct user research, create wireframes and prototypes, maintain design systems, and improve product usability.",0.8,High
"Java Developer with 4 years of experience developing enterprise applications using Docker, SQL, Java, Spring Boot, Git, Hibernate. Built backend services, integrated databases, and maintained reliable APIs.","Hiring a Java Developer with experience in SQL, Java, Docker, Hibernate, Git. Responsibilities include designing backend services, developing APIs, working with databases, and writing maintainable code.",0.83,high
"Cybersecurity Analyst with 9 years of experience in Linux, SIEM, Python, incident response, network security. Investigated alerts, performed vulnerability assessments, supported incident response, and improved security controls.","Hiring a UI/UX Designer skilled in responsive design, usability testing, Figma, wireframing. You will conduct user research, create wireframes and prototypes, maintain design systems, and improve product usability.",0.09,Low
"Data Analyst with 6 years of experience using data visualization, Python, Power BI, SQL, Excel, Pandas, Tableau. Created dashboards, cleaned data, performed analysis, and delivered reports that support business decisions.","We are hiring a Data Analyst with experience in Pandas, SQL, Tableau, Python, Excel, Power BI. You will analyze datasets, create dashboards, write SQL queries, and communicate actionable insights.",0.88,high
"Backend Developer with 7 years of experience building server-side applications using Git, Python, Node.js, SQL. Designed APIs, optimized databases, and delivered reliable services.","We are hiring a Data Analyst with experience in Power BI, data visualization, Tableau, Pandas. You will analyze datasets, create dashboards, write SQL queries, and communicate actionable insights.",0.26,Low
"UI/UX Designer with 9 years of experience in prototyping, user research, usability testing. Created user flows, prototypes, design systems, and interfaces based on user research and testing.","Looking for a Backend Developer experienced in PostgreSQL, Docker, Git, Node.js, SQL. Responsibilities include building APIs, designing databases, improving performance, and maintaining backend services. Preferred transferable experience includes Python, SQL, APIs, analytics, cloud, or software development depending on the project.",0.7,Medium
"Data Analyst with 3 years of experience using Excel, Tableau, Python. Created dashboards, cleaned data, performed analysis, and delivered reports that support business decisions.","We are hiring a Python Developer with experience in REST APIs, PostgreSQL, Python, Django. The candidate should build scalable backend services, develop REST APIs, work with databases, and collaborate using Git. Preferred transferable experience includes Python, SQL, APIs, analytics, cloud, or software development depending on the project.",0.6,Medium
"Cloud Engineer with 2 years of experience using Terraform, cloud architecture, AWS, Kubernetes, networking, Linux. Designed cloud infrastructure, automated deployments, improved security, and maintained scalable services.","Seeking a Cloud Engineer experienced in Terraform, networking, Linux, Docker, cloud architecture, Kubernetes, AWS. The role includes designing cloud infrastructure, managing deployments, improving reliability, and supporting secure systems.",0.93,HIGH
"Backend Developer with 3 years of experience building server-side applications using PostgreSQL, Python, Node.js, Git, REST APIs. Designed APIs, optimized databases, and delivered reliable services.","Seeking a DevOps Engineer skilled in CI/CD, Kubernetes, Linux, AWS, Terraform. The candidate will manage infrastructure, automate CI/CD pipelines, deploy containers, and monitor production systems. Preferred transferable experience includes Python, SQL, APIs, analytics, cloud, or software development depending on the project.",0.68,MEDIUM
"Java Developer with 7 years of experience developing enterprise applications using Docker, REST APIs, SQL, Hibernate. Built backend services, integrated databases, and maintained reliable APIs.","We are hiring a Python Developer with experience in FastAPI, REST APIs, PostgreSQL, Django. The candidate should build scalable backend services, develop REST APIs, work with databases, and collaborate using Git. Preferred transferable experience includes Python, SQL, APIs, analytics, cloud, or software development depending on the project.",0.49,MEDIUM
"Cybersecurity Analyst with 7 years of experience in Linux, Python, vulnerability assessment, SIEM, security monitoring. Investigated alerts, performed vulnerability assessments, supported incident response, and improved security controls.","Seeking a Business Analyst with experience in Excel, documentation, Power BI, SQL. The candidate will gather requirements, analyze business processes, prepare documentation, and work with stakeholders.",0.09,LOW
"Business Analyst with 7 years of experience in Power BI, process analysis, SQL, Excel, stakeholder management. Gathered requirements, analyzed processes, prepared documentation, and supported data-driven decisions.","Seeking a Cloud Engineer experienced in networking, cloud architecture, Linux, Kubernetes. The role includes designing cloud infrastructure, managing deployments, improving reliability, and supporting secure systems.",0.06,low
"DevOps Engineer with 5 years of experience using Terraform, Git, Linux, Kubernetes. Automated deployments, managed cloud infrastructure, monitored systems, and improved reliability.","Looking for a Data Scientist skilled in Python, Pandas, scikit-learn. Responsibilities include data analysis, feature engineering, model development, evaluation, and presenting business insights. Preferred transferable experience includes Python, SQL, APIs, analytics, cloud, or software development depending on the project.",0.5,MEDIUM
"Cybersecurity Analyst with 8 years of experience in vulnerability assessment, Python, security monitoring, SIEM. Investigated alerts, performed vulnerability assessments, supported incident response, and improved security controls.","Seeking a Cloud Engineer experienced in cloud architecture, Linux, AWS. The role includes designing cloud infrastructure, managing deployments, improving reliability, and supporting secure systems.",0.34,low
"Frontend Developer with 5 years of experience creating responsive web applications using Git, REST APIs, HTML, React. Focused on reusable components, performance, accessibility, and user experience.","Looking for a Backend Developer experienced in Node.js, REST APIs, SQL, Git, Docker. Responsibilities include building APIs, designing databases, improving performance, and maintaining backend services.",0.07,low
"Cloud Engineer with 8 years of experience using cloud architecture, Terraform, Docker, AWS, networking. Designed cloud infrastructure, automated deployments, improved security, and maintained scalable services.","We need a Frontend Developer experienced with CSS, Git, HTML, JavaScript. The role involves building responsive interfaces, integrating APIs, improving performance, and collaborating with designers.",0.05,Low
"Cloud Engineer with 2 years of experience using Terraform, Linux, AWS, Kubernetes. Designed cloud infrastructure, automated deployments, improved security, and maintained scalable services.","Seeking a Machine Learning Engineer with strong experience in Machine Learning, Docker, PyTorch, MLOps, TensorFlow. You will build, train, deploy, and maintain production machine learning systems.",0.29,low
"UI/UX Designer with 4 years of experience in Figma, responsive design, wireframing, usability testing. Created user flows, prototypes, design systems, and interfaces based on user research and testing.","We are hiring a Python Developer with experience in REST APIs, FastAPI, PostgreSQL. The candidate should build scalable backend services, develop REST APIs, work with databases, and collaborate using Git.",0.21,LOW
"DevOps Engineer with 8 years of experience using CI/CD, Kubernetes, Docker, AWS, Terraform, Git, Linux. Automated deployments, managed cloud infrastructure, monitored systems, and improved reliability.","Seeking a DevOps Engineer skilled in Linux, Kubernetes, CI/CD, AWS, Docker, Git. The candidate will manage infrastructure, automate CI/CD pipelines, deploy containers, and monitor production systems.",0.85,high
"Cybersecurity Analyst with 9 years of experience in Linux, security monitoring, Python, network security. Investigated alerts, performed vulnerability assessments, supported incident response, and improved security controls.","Hiring a Java Developer with experience in Hibernate, SQL, Spring Boot. Responsibilities include designing backend services, developing APIs, working with databases, and writing maintainable code.",0.24,LOW
"Data Analyst with 8 years of experience using Power BI, SQL, Python, Tableau. Created dashboards, cleaned data, performed analysis, and delivered reports that support business decisions.","Looking for a Backend Developer experienced in Git, Node.js, REST APIs. Responsibilities include building APIs, designing databases, improving performance, and maintaining backend services. Preferred transferable experience includes Python, SQL, APIs, analytics, cloud, or software development depending on the project.",0.45,MEDIUM
"Frontend Developer with 5 years of experience creating responsive web applications using JavaScript, Git, HTML, REST APIs, TypeScript. Focused on reusable components, performance, accessibility, and user experience.","We need a Frontend Developer experienced with HTML, TypeScript, CSS, REST APIs, JavaScript. The role involves building responsive interfaces, integrating APIs, improving performance, and collaborating with designers.",0.85,High
"Cloud Engineer with 7 years of experience using cloud architecture, Kubernetes, AWS. Designed cloud infrastructure, automated deployments, improved security, and maintained scalable services.","Hiring a UI/UX Designer skilled in user research, wireframing, usability testing, Figma. You will conduct user research, create wireframes and prototypes, maintain design systems, and improve product usability. Preferred transferable experience includes Python, SQL, APIs, analytics, cloud, or software development depending on the project.",0.42,Medium
"Cloud Engineer with 9 years of experience using Docker, cloud architecture, AWS. Designed cloud infrastructure, automated deployments, improved security, and maintained scalable services.","We are hiring a Data Analyst with experience in Excel, Tableau, Pandas, Python. You will analyze datasets, create dashboards, write SQL queries, and communicate actionable insights. Preferred transferable experience includes Python, SQL, APIs, analytics, cloud, or software development depending on the project.",0.62,medium
"Business Analyst with 5 years of experience in SQL, stakeholder management, Power BI, process analysis. Gathered requirements, analyzed processes, prepared documentation, and supported data-driven decisions.","Seeking a DevOps Engineer skilled in Kubernetes, Linux, CI/CD, Terraform, AWS. The candidate will manage infrastructure, automate CI/CD pipelines, deploy containers, and monitor production systems. Preferred transferable experience includes Python, SQL, APIs, analytics, cloud, or software development depending on the project.",0.69,Medium
"Java Developer with 7 years of experience developing enterprise applications using Docker, Java, SQL, Git, REST APIs, Hibernate, Spring Boot. Built backend services, integrated databases, and maintained reliable APIs.","Hiring a Java Developer with experience in Hibernate, Java, SQL, Git, Spring Boot, REST APIs, Docker. Responsibilities include designing backend services, developing APIs, working with databases, and writing maintainable code.",0.82,HIGH
"Java Developer with 7 years of experience developing enterprise applications using Spring Boot, SQL, REST APIs. Built backend services, integrated databases, and maintained reliable APIs.","Seeking a Machine Learning Engineer with strong experience in Machine Learning, Docker, TensorFlow. You will build, train, deploy, and maintain production machine learning systems. Preferred transferable experience includes Python, SQL, APIs, analytics, cloud, or software development depending on the project.",0.48,Medium
"Frontend Developer with 5 years of experience creating responsive web applications using TypeScript, JavaScript, Git, CSS, REST APIs. Focused on reusable components, performance, accessibility, and user experience.","We need a Frontend Developer experienced with REST APIs, React, Git, CSS, HTML, JavaScript, TypeScript. The role involves building responsive interfaces, integrating APIs, improving performance, and collaborating with designers.",0.86,HIGH
"Java Developer with 2 years of experience developing enterprise applications using Java, SQL, Git, REST APIs, Docker. Built backend services, integrated databases, and maintained reliable APIs.","Looking for a Data Scientist skilled in NumPy, data visualization, Pandas, SQL. Responsibilities include data analysis, feature engineering, model development, evaluation, and presenting business insights.",0.08,Low
"Python developer with 8 years of experience building backend applications using Docker, PostgreSQL, REST APIs, FastAPI. Experienced in API development, database design, debugging, testing, and collaborating with development teams.","Looking for a Cybersecurity Analyst with knowledge of security monitoring, vulnerability assessment, SIEM. Responsibilities include monitoring security events, investigating incidents, and supporting vulnerability management. Preferred transferable experience includes Python, SQL, APIs, analytics, cloud, or software development depending on the project.",0.49,medium
"Cybersecurity Analyst with 9 years of experience in Linux, incident response, security monitoring, network security, vulnerability assessment, Python, SIEM. Investigated alerts, performed vulnerability assessments, supported incident response, and improved security controls.","Looking for a Cybersecurity Analyst with knowledge of incident response, network security, security monitoring, Python, vulnerability assessment, SIEM, Linux. Responsibilities include monitoring security events, investigating incidents, and supporting vulnerability management.",0.94,HIGH
"UI/UX Designer with 5 years of experience in Figma, design systems, responsive design. Created user flows, prototypes, design systems, and interfaces based on user research and testing.","Looking for a Cybersecurity Analyst with knowledge of network security, Python, incident response. Responsibilities include monitoring security events, investigating incidents, and supporting vulnerability management. Preferred transferable experience includes Python, SQL, APIs, analytics, cloud, or software development depending on the project.",0.53,Medium
"Business Analyst with 3 years of experience in stakeholder management, process analysis, SQL, documentation, requirements gathering, Power BI, Excel. Gathered requirements, analyzed processes, prepared documentation, and supported data-driven decisions.","Seeking a Business Analyst with experience in process analysis, documentation, stakeholder management, SQL, Excel, Power BI. The candidate will gather requirements, analyze business processes, prepare documentation, and work with stakeholders.",0.92,high
"Data Scientist with 6 years of experience using Pandas, SQL, data visualization. Built predictive models, performed exploratory data analysis, cleaned datasets, and communicated insights to stakeholders.","We need a Frontend Developer experienced with Git, JavaScript, REST APIs, TypeScript. The role involves building responsive interfaces, integrating APIs, improving performance, and collaborating with designers.",0.05,low
Short resume text,Short job description,0.6,Medium
"Backend Developer with 8 years of experience building server-side applications using Git, Docker, REST APIs, Python, PostgreSQL, SQL. Designed APIs, optimized databases, and delivered reliable services.","Looking for a Backend Developer experienced in Python, PostgreSQL, Docker, REST APIs, SQL, Git. Responsibilities include building APIs, designing databases, improving performance, and maintaining backend services.",0.88,HIGH
"Business Analyst with 6 years of experience in SQL, stakeholder management, process analysis, documentation, Excel. Gathered requirements, analyzed processes, prepared documentation, and supported data-driven decisions.","We are hiring a Python Developer with experience in FastAPI, Git, Python, Django. The candidate should build scalable backend services, develop REST APIs, work with databases, and collaborate using Git.",0.2,low
"Business Analyst with 8 years of experience in requirements gathering, Power BI, SQL, stakeholder management, Excel. Gathered requirements, analyzed processes, prepared documentation, and supported data-driven decisions.","Hiring a UI/UX Designer skilled in design systems, Figma, usability testing, responsive design, wireframing. You will conduct user research, create wireframes and prototypes, maintain design systems, and improve product usability.",0.31,Low
"Python developer with 8 years of experience building backend applications using FastAPI, Django, REST APIs, Docker, Git, PostgreSQL. Experienced in API development, database design, debugging, testing, and collaborating with development teams.","We are hiring a Python Developer with experience in Docker, REST APIs, FastAPI, Python, Django, Git. The candidate should build scalable backend services, develop REST APIs, work with databases, and collaborate using Git.",0.9,high
"Python developer with 5 years of experience building backend applications using Django, PostgreSQL, Docker, Python, FastAPI, REST APIs. Experienced in API development, database design, debugging, testing, and collaborating with development teams.","We are hiring a Python Developer with experience in Django, Docker, FastAPI, Git, PostgreSQL, Python, REST APIs. The candidate should build scalable backend services, develop REST APIs, work with databases, and collaborate using Git.",0.92,high
"DevOps Engineer with 6 years of experience using AWS, CI/CD, Kubernetes, Linux, Terraform. Automated deployments, managed cloud infrastructure, monitored systems, and improved reliability.","Seeking a DevOps Engineer skilled in CI/CD, Kubernetes, Linux, AWS, Docker, Git, Terraform. The candidate will manage infrastructure, automate CI/CD pipelines, deploy containers, and monitor production systems.",0.78,High
"UI/UX Designer with 3 years of experience in wireframing, design systems, usability testing. Created user flows, prototypes, design systems, and interfaces based on user research and testing.","Looking for a Backend Developer experienced in SQL, Node.js, REST APIs. Responsibilities include building APIs, designing databases, improving performance, and maintaining backend services. Preferred transferable experience includes Python, SQL, APIs, analytics, cloud, or software development depending on the project.",0.49,medium
"DevOps Engineer with 3 years of experience using CI/CD, Terraform, Docker, Git, AWS. Automated deployments, managed cloud infrastructure, monitored systems, and improved reliability.","Hiring a UI/UX Designer skilled in usability testing, responsive design, user research, wireframing, prototyping. You will conduct user research, create wireframes and prototypes, maintain design systems, and improve product usability.",0.32,LOW
Python developer experienced in Django and FastAPI.,,0.88,High
"Business Analyst with 3 years of experience in Power BI, Excel, SQL. Gathered requirements, analyzed processes, prepared documentation, and supported data-driven decisions.","We need a Frontend Developer experienced with Git, TypeScript, HTML, JavaScript. The role involves building responsive interfaces, integrating APIs, improving performance, and collaborating with designers. Preferred transferable experience includes Python, SQL, APIs, analytics, cloud, or software development depending on the project.",0.59,Medium
"Data Analyst with 8 years of experience using Power BI, data visualization, Pandas. Created dashboards, cleaned data, performed analysis, and delivered reports that support business decisions.","Seeking a Machine Learning Engineer with strong experience in MLOps, Machine Learning, AWS, Docker. You will build, train, deploy, and maintain production machine learning systems. Preferred transferable experience includes Python, SQL, APIs, analytics, cloud, or software development depending on the project.",0.55,medium
"Cybersecurity Analyst with 5 years of experience in incident response, vulnerability assessment, network security. Investigated alerts, performed vulnerability assessments, supported incident response, and improved security controls.","Seeking a DevOps Engineer skilled in AWS, Git, Terraform. The candidate will manage infrastructure, automate CI/CD pipelines, deploy containers, and monitor production systems.",0.27,Low
"Data Scientist with 9 years of experience using Python, Machine Learning, scikit-learn. Built predictive models, performed exploratory data analysis, cleaned datasets, and communicated insights to stakeholders.","We are hiring a Python Developer with experience in PostgreSQL, Git, REST APIs. The candidate should build scalable backend services, develop REST APIs, work with databases, and collaborate using Git.",0.05,LOW
"Data Scientist with 3 years of experience using NumPy, data visualization, scikit-learn, Pandas. Built predictive models, performed exploratory data analysis, cleaned datasets, and communicated insights to stakeholders.","We need a Frontend Developer experienced with REST APIs, TypeScript, Git. The role involves building responsive interfaces, integrating APIs, improving performance, and collaborating with designers. Preferred transferable experience includes Python, SQL, APIs, analytics, cloud, or software development depending on the project.",0.45,medium
"Python developer with 8 years of experience building backend applications using Django, FastAPI, Docker, REST APIs, Git. Experienced in API development, database design, debugging, testing, and collaborating with development teams.","Hiring a UI/UX Designer skilled in prototyping, Figma, design systems, responsive design. You will conduct user research, create wireframes and prototypes, maintain design systems, and improve product usability.",0.09,LOW
"Data Analyst with 8 years of experience using Power BI, Pandas, Excel. Created dashboards, cleaned data, performed analysis, and delivered reports that support business decisions.","We are hiring a Python Developer with experience in PostgreSQL, FastAPI, Python. The candidate should build scalable backend services, develop REST APIs, work with databases, and collaborate using Git. Preferred transferable experience includes Python, SQL, APIs, analytics, cloud, or software development depending on the project.",0.42,Medium
"Business Analyst with 8 years of experience in Power BI, stakeholder management, SQL, documentation, process analysis. Gathered requirements, analyzed processes, prepared documentation, and supported data-driven decisions.","Seeking a Machine Learning Engineer with strong experience in Machine Learning, MLOps, Docker. You will build, train, deploy, and maintain production machine learning systems. Preferred transferable experience includes Python, SQL, APIs, analytics, cloud, or software development depending on the project.",0.61,MEDIUM
"Python developer with 7 years of experience building backend applications using Git, Docker, REST APIs, Django, PostgreSQL, Python. Experienced in API development, database design, debugging, testing, and collaborating with development teams.","We are hiring a Python Developer with experience in PostgreSQL, Python, REST APIs, Git, Docker, Django, FastAPI. The candidate should build scalable backend services, develop REST APIs, work with databases, and collaborate using Git.",0.92,high
"DevOps Engineer with 7 years of experience using Kubernetes, Docker, Terraform, Git, AWS. Automated deployments, managed cloud infrastructure, monitored systems, and improved reliability.","Seeking a DevOps Engineer skilled in Docker, Git, Terraform, Linux, AWS. The candidate will manage infrastructure, automate CI/CD pipelines, deploy containers, and monitor production systems.",0.92,high
"Data Scientist with 7 years of experience using scikit-learn, SQL, Pandas, Python, Machine Learning, data visualization, NumPy. Built predictive models, performed exploratory data analysis, cleaned datasets, and communicated insights to stakeholders.","Looking for a Data Scientist skilled in data visualization, NumPy, Python, Machine Learning, Pandas. Responsibilities include data analysis, feature engineering, model development, evaluation, and presenting business insights.",0.88,high
"Data Analyst with 9 years of experience using SQL, Tableau, Python, Power BI, Pandas. Created dashboards, cleaned data, performed analysis, and delivered reports that support business decisions.","Seeking a Machine Learning Engineer with strong experience in Docker, AWS, TensorFlow. You will build, train, deploy, and maintain production machine learning systems. Preferred transferable experience includes Python, SQL, APIs, analytics, cloud, or software development depending on the project.",0.67,medium
"Java Developer with 7 years of experience developing enterprise applications using SQL, Docker, REST APIs. Built backend services, integrated databases, and maintained reliable APIs.","We are hiring a Data Analyst with experience in Tableau, Excel, Python. You will analyze datasets, create dashboards, write SQL queries, and communicate actionable insights. Preferred transferable experience includes Python, SQL, APIs, analytics, cloud, or software development depending on the project.",0.61,medium
"Frontend Developer with 7 years of experience creating responsive web applications using JavaScript, CSS, REST APIs. Focused on reusable components, performance, accessibility, and user experience.","Seeking a Cloud Engineer experienced in networking, Linux, Terraform, AWS, cloud architecture. The role includes designing cloud infrastructure, managing deployments, improving reliability, and supporting secure systems.",0.19,LOW
"Python developer with 5 years of experience building backend applications using FastAPI, Docker, REST APIs, PostgreSQL, Git. Experienced in API development, database design, debugging, testing, and collaborating with development teams.","Looking for a Cybersecurity Analyst with knowledge of vulnerability assessment, network security, SIEM. Responsibilities include monitoring security events, investigating incidents, and supporting vulnerability management.",0.16,LOW
"Cybersecurity Analyst with 4 years of experience in vulnerability assessment, incident response, SIEM, security monitoring. Investigated alerts, performed vulnerability assessments, supported incident response, and improved security controls.","Seeking a Business Analyst with experience in SQL, process analysis, Power BI, stakeholder management, requirements gathering. The candidate will gather requirements, analyze business processes, prepare documentation, and work with stakeholders. Preferred transferable experience includes Python, SQL, APIs, analytics, cloud, or software development depending on the project.",0.53,MEDIUM
"Java Developer with 3 years of experience developing enterprise applications using Spring Boot, SQL, Docker, Git, Hibernate. Built backend services, integrated databases, and maintained reliable APIs.","We are hiring a Data Analyst with experience in data visualization, Power BI, Python, SQL. You will analyze datasets, create dashboards, write SQL queries, and communicate actionable insights.",0.2,low
"DevOps Engineer with 9 years of experience using Kubernetes, Git, Terraform, Docker, Linux, AWS. Automated deployments, managed cloud infrastructure, monitored systems, and improved reliability.","Seeking a DevOps Engineer skilled in Linux, Terraform, AWS, Docker, Git, Kubernetes. The candidate will manage infrastructure, automate CI/CD pipelines, deploy containers, and monitor production systems.",0.9,High
"Business Analyst with 6 years of experience in process analysis, stakeholder management, Power BI, documentation, SQL, requirements gathering, Excel. Gathered requirements, analyzed processes, prepared documentation, and supported data-driven decisions.","Seeking a Business Analyst with experience in Power BI, requirements gathering, process analysis, stakeholder management, documentation, Excel, SQL. The candidate will gather requirements, analyze business processes, prepare documentation, and work with stakeholders.",0.83,High
"Cybersecurity Analyst with 8 years of experience in network security, SIEM, vulnerability assessment, Linux. Investigated alerts, performed vulnerability assessments, supported incident response, and improved security controls.","Hiring a UI/UX Designer skilled in user research, design systems, responsive design, wireframing. You will conduct user research, create wireframes and prototypes, maintain design systems, and improve product usability.",0.14,LOW
"Cloud Engineer with 2 years of experience using Linux, Docker, Terraform, cloud architecture, networking, Kubernetes, AWS. Designed cloud infrastructure, automated deployments, improved security, and maintained scalable services.","Seeking a Cloud Engineer experienced in cloud architecture, Linux, Terraform, networking, Docker. The role includes designing cloud infrastructure, managing deployments, improving reliability, and supporting secure systems.",0.84,High
"Business Analyst with 3 years of experience in documentation, process analysis, SQL. Gathered requirements, analyzed processes, prepared documentation, and supported data-driven decisions.","We are hiring a Data Analyst with experience in Python, data visualization, Tableau. You will analyze datasets, create dashboards, write SQL queries, and communicate actionable insights.",0.21,Low
"Business Analyst with 2 years of experience in stakeholder management, documentation, SQL. Gathered requirements, analyzed processes, prepared documentation, and supported data-driven decisions.","Seeking a Machine Learning Engineer with strong experience in TensorFlow, MLOps, Python. You will build, train, deploy, and maintain production machine learning systems.",0.16,LOW
"Python developer with 9 years of experience building backend applications using Python, REST APIs, FastAPI, Git, PostgreSQL, Docker. Experienced in API development, database design, debugging, testing, and collaborating with development teams.","We are hiring a Python Developer with experience in Django, Git, PostgreSQL, FastAPI, REST APIs, Docker. The candidate should build scalable backend services, develop REST APIs, work with databases, and collaborate using Git.",0.84,HIGH
"Frontend Developer with 4 years of experience creating responsive web applications using HTML, React, JavaScript, TypeScript. Focused on reusable components, performance, accessibility, and user experience.","Seeking a Cloud Engineer experienced in Kubernetes, Terraform, AWS, cloud architecture, Linux. The role includes designing cloud infrastructure, managing deployments, improving reliability, and supporting secure systems. Preferred transferable experience includes Python, SQL, APIs, analytics, cloud, or software development depending on the project.",0.42,MEDIUM
"DevOps Engineer with 5 years of experience using AWS, Git, Docker, Linux, Kubernetes. Automated deployments, managed cloud infrastructure, monitored systems, and improved reliability.","Looking for a Data Scientist skilled in SQL, Machine Learning, NumPy, Pandas. Responsibilities include data analysis, feature engineering, model development, evaluation, and presenting business insights. Preferred transferable experience includes Python, SQL, APIs, analytics, cloud, or software development depending on the project.",0.65,medium
"Business Analyst with 3 years of experience in process analysis, Excel, stakeholder management. Gathered requirements, analyzed processes, prepared documentation, and supported data-driven decisions.","Looking for a Backend Developer experienced in Git, PostgreSQL, Node.js, Python. Responsibilities include building APIs, designing databases, improving performance, and maintaining backend services.",0.3,LOW
"Machine Learning Engineer with 8 years of experience working with MLOps, Docker, TensorFlow. Developed training pipelines, deployed ML models, optimized inference, and monitored model performance.","Looking for a Backend Developer experienced in Git, Docker, Node.js, Python. Responsibilities include building APIs, designing databases, improving performance, and maintaining backend services. Preferred transferable experience includes Python, SQL, APIs, analytics, cloud, or software development depending on the project.",0.55,Medium
"Cloud Engineer with 2 years of experience using Kubernetes, Linux, Docker, networking, Terraform. Designed cloud infrastructure, automated deployments, improved security, and maintained scalable services.","We need a Frontend Developer experienced with HTML, TypeScript, Git, REST APIs. The role involves building responsive interfaces, integrating APIs, improving performance, and collaborating with designers.",0.17,low
"Business Analyst with 7 years of experience in documentation, stakeholder management, SQL. Gathered requirements, analyzed processes, prepared documentation, and supported data-driven decisions.","Seeking a DevOps Engineer skilled in Terraform, Linux, Docker. The candidate will manage infrastructure, automate CI/CD pipelines, deploy containers, and monitor production systems.",0.12,Low
"Cybersecurity Analyst with 3 years of experience in Linux, SIEM, incident response. Investigated alerts, performed vulnerability assessments, supported incident response, and improved security controls.","Hiring a UI/UX Designer skilled in wireframing, prototyping, responsive design. You will conduct user research, create wireframes and prototypes, maintain design systems, and improve product usability. Preferred transferable experience includes Python, SQL, APIs, analytics, cloud, or software development depending on the project.",0.5,MEDIUM
"Machine Learning Engineer with 4 years of experience working with Python, Docker, MLOps. Developed training pipelines, deployed ML models, optimized inference, and monitored model performance.","We are hiring a Data Analyst with experience in Power BI, Tableau, Excel. You will analyze datasets, create dashboards, write SQL queries, and communicate actionable insights.",0.18,LOW
"Frontend Developer with 3 years of experience creating responsive web applications using HTML, CSS, JavaScript, REST APIs, Git, React, TypeScript. Focused on reusable components, performance, accessibility, and user experience.","We need a Frontend Developer experienced with React, CSS, TypeScript, JavaScript, Git. The role involves building responsive interfaces, integrating APIs, improving performance, and collaborating with designers.",0.79,high
"Data Analyst with 7 years of experience using SQL, data visualization, Pandas. Created dashboards, cleaned data, performed analysis, and delivered reports that support business decisions.","Seeking a Machine Learning Engineer with strong experience in PyTorch, Docker, Machine Learning. You will build, train, deploy, and maintain production machine learning systems.",0.3,Low
"Cloud Engineer with 8 years of experience using AWS, Linux, Terraform, cloud architecture. Designed cloud infrastructure, automated deployments, improved security, and maintained scalable services.","Looking for a Cybersecurity Analyst with knowledge of network security, incident response, security monitoring, SIEM. Responsibilities include monitoring security events, investigating incidents, and supporting vulnerability management.",0.34,low
"Frontend Developer with 8 years of experience creating responsive web applications using JavaScript, TypeScript, React, Git. Focused on reusable components, performance, accessibility, and user experience.","Looking for a Cybersecurity Analyst with knowledge of incident response, Linux, vulnerability assessment. Responsibilities include monitoring security events, investigating incidents, and supporting vulnerability management. Preferred transferable experience includes Python, SQL, APIs, analytics, cloud, or software development depending on the project.",0.57,Medium
"UI/UX Designer with 4 years of experience in Figma, design systems, responsive design, usability testing. Created user flows, prototypes, design systems, and interfaces based on user research and testing.","Seeking a Business Analyst with experience in process analysis, SQL, Power BI, Excel. The candidate will gather requirements, analyze business processes, prepare documentation, and work with stakeholders.",0.13,low
"Business Analyst with 4 years of experience in Power BI, SQL, documentation. Gathered requirements, analyzed processes, prepared documentation, and supported data-driven decisions.","Looking for a Data Scientist skilled in Pandas, scikit-learn, Machine Learning. Responsibilities include data analysis, feature engineering, model development, evaluation, and presenting business insights.",0.11,Low
"Python developer with 4 years of experience building backend applications using PostgreSQL, REST APIs, Git, Django, Python. Experienced in API development, database design, debugging, testing, and collaborating with development teams.","Looking for a Data Scientist skilled in Pandas, Machine Learning, data visualization, scikit-learn. Responsibilities include data analysis, feature engineering, model development, evaluation, and presenting business insights.",0.07,low
"UI/UX Designer with 4 years of experience in responsive design, prototyping, Figma. Created user flows, prototypes, design systems, and interfaces based on user research and testing.","Seeking a Business Analyst with experience in stakeholder management, SQL, Power BI. The candidate will gather requirements, analyze business processes, prepare documentation, and work with stakeholders. Preferred transferable experience includes Python, SQL, APIs, analytics, cloud, or software development depending on the project.",0.68,Medium
"Cloud Engineer with 3 years of experience using Docker, Linux, Kubernetes, cloud architecture. Designed cloud infrastructure, automated deployments, improved security, and maintained scalable services.","Seeking a DevOps Engineer skilled in Docker, Linux, CI/CD. The candidate will manage infrastructure, automate CI/CD pipelines, deploy containers, and monitor production systems.",0.08,LOW
"Data Scientist with 9 years of experience using data visualization, scikit-learn, NumPy, Machine Learning, Pandas. Built predictive models, performed exploratory data analysis, cleaned datasets, and communicated insights to stakeholders.","We are hiring a Data Analyst with experience in data visualization, Python, Power BI, SQL. You will analyze datasets, create dashboards, write SQL queries, and communicate actionable insights.",0.31,LOW
"Business Analyst with 8 years of experience in requirements gathering, Power BI, Excel. Gathered requirements, analyzed processes, prepared documentation, and supported data-driven decisions.","Seeking a Cloud Engineer experienced in Docker, cloud architecture, Linux, networking, AWS. The role includes designing cloud infrastructure, managing deployments, improving reliability, and supporting secure systems.",0.15,LOW
"Java Developer with 8 years of experience developing enterprise applications using Java, Hibernate, Spring Boot, SQL, Git. Built backend services, integrated databases, and maintained reliable APIs.","Hiring a Java Developer with experience in Java, SQL, Docker, Spring Boot, Git, Hibernate. Responsibilities include designing backend services, developing APIs, working with databases, and writing maintainable code.",0.85,High
"Python developer with 5 years of experience building backend applications using FastAPI, PostgreSQL, Docker. Experienced in API development, database design, debugging, testing, and collaborating with development teams.","We are hiring a Data Analyst with experience in Pandas, Power BI, data visualization. You will analyze datasets, create dashboards, write SQL queries, and communicate actionable insights. Preferred transferable experience includes Python, SQL, APIs, analytics, cloud, or software development depending on the project.",0.63,Medium
"Data Scientist with 8 years of experience using Python, Pandas, SQL, scikit-learn, data visualization. Built predictive models, performed exploratory data analysis, cleaned datasets, and communicated insights to stakeholders.","Looking for a Data Scientist skilled in NumPy, scikit-learn, Python, data visualization, SQL, Machine Learning, Pandas. Responsibilities include data analysis, feature engineering, model development, evaluation, and presenting business insights.",0.87,HIGH
"Cybersecurity Analyst with 3 years of experience in Linux, network security, incident response, Python, security monitoring. Investigated alerts, performed vulnerability assessments, supported incident response, and improved security controls.","Seeking a Machine Learning Engineer with strong experience in Machine Learning, MLOps, PyTorch. You will build, train, deploy, and maintain production machine learning systems.",0.23,Low
"Java Developer with 3 years of experience developing enterprise applications using SQL, Git, Hibernate, Docker, Spring Boot, REST APIs. Built backend services, integrated databases, and maintained reliable APIs.","Hiring a Java Developer with experience in Java, REST APIs, Docker, SQL, Hibernate, Spring Boot. Responsibilities include designing backend services, developing APIs, working with databases, and writing maintainable code.",0.87,high
"Python developer with 8 years of experience building backend applications using FastAPI, Git, Docker, REST APIs, PostgreSQL. Experienced in API development, database design, debugging, testing, and collaborating with development teams.","We are hiring a Python Developer with experience in Python, REST APIs, PostgreSQL, Django, Git, Docker, FastAPI. The candidate should build scalable backend services, develop REST APIs, work with databases, and collaborate using Git.",0.75,HIGH
"Data Analyst with 8 years of experience using Excel, Python, data visualization, Power BI. Created dashboards, cleaned data, performed analysis, and delivered reports that support business decisions.","We are hiring a Python Developer with experience in FastAPI, REST APIs, Django, Python. The candidate should build scalable backend services, develop REST APIs, work with databases, and collaborate using Git.",0.23,LOW
"UI/UX Designer with 7 years of experience in prototyping, wireframing, responsive design, usability testing, user research, design systems, Figma. Created user flows, prototypes, design systems, and interfaces based on user research and testing.","Hiring a UI/UX Designer skilled in usability testing, prototyping, user research, responsive design, Figma, design systems, wireframing. You will conduct user research, create wireframes and prototypes, maintain design systems, and improve product usability.",0.87,HIGH
"Java Developer with 5 years of experience developing enterprise applications using Docker, Hibernate, Spring Boot. Built backend services, integrated databases, and maintained reliable APIs.","Looking for a Backend Developer experienced in Docker, Node.js, REST APIs. Responsibilities include building APIs, designing databases, improving performance, and maintaining backend services.",0.17,low
"Cybersecurity Analyst with 3 years of experience in Python, vulnerability assessment, security monitoring, network security, Linux, SIEM, incident response. Investigated alerts, performed vulnerability assessments, supported incident response, and improved security controls.","Looking for a Cybersecurity Analyst with knowledge of SIEM, incident response, Linux, vulnerability assessment, security monitoring. Responsibilities include monitoring security events, investigating incidents, and supporting vulnerability management.",0.95,HIGH
"Data Scientist with 5 years of experience using scikit-learn, Pandas, Machine Learning, SQL, Python. Built predictive models, performed exploratory data analysis, cleaned datasets, and communicated insights to stakeholders.","Looking for a Data Scientist skilled in Pandas, data visualization, Machine Learning, NumPy, SQL. Responsibilities include data analysis, feature engineering, model development, evaluation, and presenting business insights.",0.89,HIGH
"Python developer with 2 years of experience building backend applications using REST APIs, Python, Docker. Experienced in API development, database design, debugging, testing, and collaborating with development teams.","We need a Frontend Developer experienced with REST APIs, HTML, Git, JavaScript. The role involves building responsive interfaces, integrating APIs, improving performance, and collaborating with designers.",0.22,low
"Business Analyst with 7 years of experience in SQL, process analysis, stakeholder management, documentation, Power BI. Gathered requirements, analyzed processes, prepared documentation, and supported data-driven decisions.","Seeking a Cloud Engineer experienced in Linux, networking, Docker, cloud architecture. The role includes designing cloud infrastructure, managing deployments, improving reliability, and supporting secure systems.",0.1,low
"UI/UX Designer with 2 years of experience in user research, usability testing, design systems, prototyping, responsive design. Created user flows, prototypes, design systems, and interfaces based on user research and testing.","Looking for a Cybersecurity Analyst with knowledge of Python, SIEM, security monitoring, incident response. Responsibilities include monitoring security events, investigating incidents, and supporting vulnerability management. Preferred transferable experience includes Python, SQL, APIs, analytics, cloud, or software development depending on the project.",0.54,MEDIUM
"Machine Learning Engineer with 7 years of experience working with MLOps, Python, AWS, Machine Learning. Developed training pipelines, deployed ML models, optimized inference, and monitored model performance.","Looking for a Backend Developer experienced in SQL, PostgreSQL, REST APIs, Docker, Git. Responsibilities include building APIs, designing databases, improving performance, and maintaining backend services.",0.19,low
"Data Scientist with 7 years of experience using scikit-learn, Python, NumPy, Machine Learning, data visualization. Built predictive models, performed exploratory data analysis, cleaned datasets, and communicated insights to stakeholders.","Seeking a DevOps Engineer skilled in Terraform, Git, Docker. The candidate will manage infrastructure, automate CI/CD pipelines, deploy containers, and monitor production systems. Preferred transferable experience includes Python, SQL, APIs, analytics, cloud, or software development depending on the project.",0.49,medium
"Frontend Developer with 4 years of experience creating responsive web applications using TypeScript, JavaScript, REST APIs, React, CSS, HTML, Git. Focused on reusable components, performance, accessibility, and user experience.","We need a Frontend Developer experienced with HTML, React, Git, REST APIs, TypeScript, CSS, JavaScript. The role involves building responsive interfaces, integrating APIs, improving performance, and collaborating with designers.",-0.15,low
"Python developer with 3 years of experience building backend applications using Python, REST APIs, FastAPI, Docker, Git, PostgreSQL, Django. Experienced in API development, database design, debugging, testing, and collaborating with development teams.","We are hiring a Python Developer with experience in REST APIs, Django, Docker, Git, PostgreSQL, FastAPI, Python. The candidate should build scalable backend services, develop REST APIs, work with databases, and collaborate using Git.",0.92,high
"Python developer with 7 years of experience building backend applications using Git, Docker, Python, FastAPI, PostgreSQL. Experienced in API development, database design, debugging, testing, and collaborating with development teams.","Hiring a Java Developer with experience in SQL, Git, Hibernate, Java, Docker. Responsibilities include designing backend services, developing APIs, working with databases, and writing maintainable code.",0.21,low
"Python developer with 8 years of experience building backend applications using REST APIs, PostgreSQL, Python. Experienced in API development, database design, debugging, testing, and collaborating with development teams.","Seeking a Cloud Engineer experienced in Kubernetes, Linux, Docker, AWS, cloud architecture. The role includes designing cloud infrastructure, managing deployments, improving reliability, and supporting secure systems. Preferred transferable experience includes Python, SQL, APIs, analytics, cloud, or software development depending on the project.",0.48,medium
"Frontend Developer with 4 years of experience creating responsive web applications using CSS, TypeScript, REST APIs, React, JavaScript. Focused on reusable components, performance, accessibility, and user experience.","Seeking a Business Analyst with experience in SQL, requirements gathering, stakeholder management. The candidate will gather requirements, analyze business processes, prepare documentation, and work with stakeholders.",0.27,Low
"Backend Developer with 8 years of experience building server-side applications using REST APIs, Git, Python, PostgreSQL, SQL. Designed APIs, optimized databases, and delivered reliable services.","Seeking a Machine Learning Engineer with strong experience in Machine Learning, TensorFlow, MLOps, Python. You will build, train, deploy, and maintain production machine learning systems. Preferred transferable experience includes Python, SQL, APIs, analytics, cloud, or software development depending on the project.",0.44,medium
"Cybersecurity Analyst with 3 years of experience in Linux, vulnerability assessment, network security, SIEM, security monitoring, Python. Investigated alerts, performed vulnerability assessments, supported incident response, and improved security controls.","Looking for a Cybersecurity Analyst with knowledge of SIEM, network security, Linux, Python, incident response. Responsibilities include monitoring security events, investigating incidents, and supporting vulnerability management.",0.87,HIGH
"Data Scientist with 8 years of experience using SQL, scikit-learn, Machine Learning, NumPy, data visualization, Pandas. Built predictive models, performed exploratory data analysis, cleaned datasets, and communicated insights to stakeholders.","Looking for a Data Scientist skilled in Machine Learning, SQL, Python, scikit-learn, data visualization. Responsibilities include data analysis, feature engineering, model development, evaluation, and presenting business insights.",0.79,HIGH
"Backend Developer with 5 years of experience building server-side applications using SQL, Python, PostgreSQL, Node.js, REST APIs, Docker, Git. Designed APIs, optimized databases, and delivered reliable services.","Looking for a Backend Developer experienced in Python, Git, Node.js, REST APIs, SQL. Responsibilities include building APIs, designing databases, improving performance, and maintaining backend services.",0.9,HIGH
"Data Analyst with 5 years of experience using Power BI, Python, Excel, data visualization, Tableau, Pandas. Created dashboards, cleaned data, performed analysis, and delivered reports that support business decisions.","We are hiring a Data Analyst with experience in data visualization, Tableau, Excel, SQL, Python, Pandas, Power BI. You will analyze datasets, create dashboards, write SQL queries, and communicate actionable insights.",0.91,high
"Backend Developer with 9 years of experience building server-side applications using PostgreSQL, REST APIs, Python, SQL. Designed APIs, optimized databases, and delivered reliable services.","Looking for a Data Scientist skilled in Machine Learning, Pandas, data visualization, SQL, Python. Responsibilities include data analysis, feature engineering, model development, evaluation, and presenting business insights.",0.32,LOW
"Backend Developer with 6 years of experience building server-side applications using REST APIs, PostgreSQL, SQL, Docker. Designed APIs, optimized databases, and delivered reliable services.","Seeking a DevOps Engineer skilled in Git, Terraform, CI/CD. The candidate will manage infrastructure, automate CI/CD pipelines, deploy containers, and monitor production systems. Preferred transferable experience includes Python, SQL, APIs, analytics, cloud, or software development depending on the project.",0.63,Medium
"Business Analyst with 3 years of experience in Excel, Power BI, documentation, stakeholder management, requirements gathering. Gathered requirements, analyzed processes, prepared documentation, and supported data-driven decisions.","Seeking a Business Analyst with experience in process analysis, Excel, stakeholder management, Power BI, requirements gathering, SQL. The candidate will gather requirements, analyze business processes, prepare documentation, and work with stakeholders.",0.86,High
"Frontend Developer with 8 years of experience creating responsive web applications using CSS, REST APIs, HTML, Git, React, JavaScript, TypeScript. Focused on reusable components, performance, accessibility, and user experience.","We need a Frontend Developer experienced with Git, React, HTML, JavaScript, CSS. The role involves building responsive interfaces, integrating APIs, improving performance, and collaborating with designers.",0.8,HIGH
"Data Analyst with 7 years of experience using data visualization, Python, Tableau, Power BI, Pandas. Created dashboards, cleaned data, performed analysis, and delivered reports that support business decisions.","We are hiring a Data Analyst with experience in Python, Power BI, SQL, Excel, Tableau, data visualization, Pandas. You will analyze datasets, create dashboards, write SQL queries, and communicate actionable insights.",0.85,high
"Java Developer with 4 years of experience developing enterprise applications using Docker, Java, Hibernate, Spring Boot. Built backend services, integrated databases, and maintained reliable APIs.","Seeking a Business Analyst with experience in requirements gathering, Excel, Power BI, documentation, process analysis. The candidate will gather requirements, analyze business processes, prepare documentation, and work with stakeholders.",0.31,LOW
"Data Analyst with 7 years of experience using Tableau, data visualization, Python, Pandas. Created dashboards, cleaned data, performed analysis, and delivered reports that support business decisions.","Hiring a UI/UX Designer skilled in wireframing, prototyping, design systems. You will conduct user research, create wireframes and prototypes, maintain design systems, and improve product usability. Preferred transferable experience includes Python, SQL, APIs, analytics, cloud, or software development depending on the project.",0.49,Medium
"Frontend Developer with 7 years of experience creating responsive web applications using CSS, HTML, JavaScript, React, Git. Focused on reusable components, performance, accessibility, and user experience.","We need a Frontend Developer experienced with HTML, React, CSS, TypeScript, REST APIs, Git, JavaScript. The role involves building responsive interfaces, integrating APIs, improving performance, and collaborating with designers.",0.8,high
"Backend Developer with 3 years of experience building server-side applications using SQL, Git, Docker. Designed APIs, optimized databases, and delivered reliable services.","Seeking a Business Analyst with experience in Power BI, requirements gathering, process analysis, SQL, stakeholder management. The candidate will gather requirements, analyze business processes, prepare documentation, and work with stakeholders. Preferred transferable experience includes Python, SQL, APIs, analytics, cloud, or software development depending on the project.",0.55,Medium
"Machine Learning Engineer with 5 years of experience working with PyTorch, Python, Machine Learning. Developed training pipelines, deployed ML models, optimized inference, and monitored model performance.","We need a Frontend Developer experienced with Git, CSS, React. The role involves building responsive interfaces, integrating APIs, improving performance, and collaborating with designers.",0.35,LOW
"Data Scientist with 5 years of experience using data visualization, Pandas, Python, Machine Learning, scikit-learn. Built predictive models, performed exploratory data analysis, cleaned datasets, and communicated insights to stakeholders.","Looking for a Data Scientist skilled in Pandas, NumPy, data visualization, Machine Learning, SQL, scikit-learn. Responsibilities include data analysis, feature engineering, model development, evaluation, and presenting business insights.",0.79,High
"DevOps Engineer with 4 years of experience using Linux, AWS, CI/CD, Docker. Automated deployments, managed cloud infrastructure, monitored systems, and improved reliability.","We are hiring a Data Analyst with experience in Pandas, Python, Excel, SQL, data visualization. You will analyze datasets, create dashboards, write SQL queries, and communicate actionable insights.",0.25,low
"UI/UX Designer with 8 years of experience in user research, design systems, usability testing, Figma, wireframing, responsive design, prototyping. Created user flows, prototypes, design systems, and interfaces based on user research and testing.","Hiring a UI/UX Designer skilled in user research, design systems, wireframing, Figma, usability testing, responsive design, prototyping. You will conduct user research, create wireframes and prototypes, maintain design systems, and improve product usability.",0.95,high
"Data Analyst with 8 years of experience using SQL, Tableau, Excel, Power BI. Created dashboards, cleaned data, performed analysis, and delivered reports that support business decisions.","Looking for a Backend Developer experienced in Git, Docker, Python, PostgreSQL. Responsibilities include building APIs, designing databases, improving performance, and maintaining backend services. Preferred transferable experience includes Python, SQL, APIs, analytics, cloud, or software development depending on the project.",0.64,MEDIUM
"Frontend Developer with 2 years of experience creating responsive web applications using REST APIs, React, TypeScript, CSS, Git. Focused on reusable components, performance, accessibility, and user experience.","Seeking a DevOps Engineer skilled in Docker, Git, AWS. The candidate will manage infrastructure, automate CI/CD pipelines, deploy containers, and monitor production systems.",0.15,LOW
"Machine Learning Engineer with 9 years of experience working with TensorFlow, PyTorch, MLOps. Developed training pipelines, deployed ML models, optimized inference, and monitored model performance.","Hiring a UI/UX Designer skilled in responsive design, user research, design systems, Figma. You will conduct user research, create wireframes and prototypes, maintain design systems, and improve product usability. Preferred transferable experience includes Python, SQL, APIs, analytics, cloud, or software development depending on the project.",0.66,medium
"Python developer with 6 years of experience building backend applications using Git, Docker, FastAPI, REST APIs. Experienced in API development, database design, debugging, testing, and collaborating with development teams.","Hiring a Java Developer with experience in Docker, Hibernate, SQL, Git. Responsibilities include designing backend services, developing APIs, working with databases, and writing maintainable code.",0.12,Low
"Business Analyst with 3 years of experience in stakeholder management, process analysis, SQL, documentation, requirements gathering, Power BI, Excel. Gathered requirements, analyzed processes, prepared documentation, and supported data-driven decisions.","Seeking a Business Analyst with experience in process analysis, documentation, stakeholder management, SQL, Excel, Power BI. The candidate will gather requirements, analyze business processes, prepare documentation, and work with stakeholders.",0.92,high
"UI/UX Designer with 7 years of experience in user research, Figma, responsive design, prototyping, design systems, wireframing, usability testing. Created user flows, prototypes, design systems, and interfaces based on user research and testing.","Hiring a UI/UX Designer skilled in design systems, prototyping, responsive design, user research, wireframing, Figma, usability testing. You will conduct user research, create wireframes and prototypes, maintain design systems, and improve product usability.",0.91,
"Data Scientist with 8 years of experience using Machine Learning, scikit-learn, SQL, Python, NumPy. Built predictive models, performed exploratory data analysis, cleaned datasets, and communicated insights to stakeholders.","Seeking a DevOps Engineer skilled in Git, Docker, Linux. The candidate will manage infrastructure, automate CI/CD pipelines, deploy containers, and monitor production systems.",0.12,Low
"Machine Learning Engineer with 7 years of experience working with MLOps, PyTorch, TensorFlow, Python. Developed training pipelines, deployed ML models, optimized inference, and monitored model performance.","Looking for a Data Scientist skilled in NumPy, Pandas, Machine Learning. Responsibilities include data analysis, feature engineering, model development, evaluation, and presenting business insights.",0.28,low
"DevOps Engineer with 6 years of experience using CI/CD, Docker, Git. Automated deployments, managed cloud infrastructure, monitored systems, and improved reliability.","We need a Frontend Developer experienced with HTML, REST APIs, TypeScript, JavaScript. The role involves building responsive interfaces, integrating APIs, improving performance, and collaborating with designers. Preferred transferable experience includes Python, SQL, APIs, analytics, cloud, or software development depending on the project.",0.48,Medium
"Cybersecurity Analyst with 6 years of experience in network security, security monitoring, incident response. Investigated alerts, performed vulnerability assessments, supported incident response, and improved security controls.","Seeking a Cloud Engineer experienced in Terraform, AWS, Docker, networking, cloud architecture. The role includes designing cloud infrastructure, managing deployments, improving reliability, and supporting secure systems. Preferred transferable experience includes Python, SQL, APIs, analytics, cloud, or software development depending on the project.",0.7,MEDIUM
"Machine Learning Engineer with 3 years of experience working with Docker, TensorFlow, Python, AWS, PyTorch. Developed training pipelines, deployed ML models, optimized inference, and monitored model performance.","Seeking a Business Analyst with experience in requirements gathering, process analysis, Power BI, Excel. The candidate will gather requirements, analyze business processes, prepare documentation, and work with stakeholders. Preferred transferable experience includes Python, SQL, APIs, analytics, cloud, or software development depending on the project.",0.48,medium
"Backend Developer with 8 years of experience building server-side applications using PostgreSQL, Python, Docker, REST APIs, SQL. Designed APIs, optimized databases, and delivered reliable services.","Seeking a Cloud Engineer experienced in Terraform, networking, Docker, Linux, Kubernetes. The role includes designing cloud infrastructure, managing deployments, improving reliability, and supporting secure systems.",0.08,low
"Business Analyst with 3 years of experience in requirements gathering, Power BI, Excel, documentation, stakeholder management. Gathered requirements, analyzed processes, prepared documentation, and supported data-driven decisions.","We need a Frontend Developer experienced with JavaScript, CSS, REST APIs. The role involves building responsive interfaces, integrating APIs, improving performance, and collaborating with designers. Preferred transferable experience includes Python, SQL, APIs, analytics, cloud, or software development depending on the project.",0.49,medium
"Frontend Developer with 2 years of experience creating responsive web applications using TypeScript, React, REST APIs, CSS, JavaScript, Git, HTML. Focused on reusable components, performance, accessibility, and user experience.","We need a Frontend Developer experienced with REST APIs, React, CSS, HTML, Git. The role involves building responsive interfaces, integrating APIs, improving performance, and collaborating with designers.",0.78,High
"Cloud Engineer with 8 years of experience using Terraform, AWS, Linux, networking, Docker, Kubernetes, cloud architecture. Designed cloud infrastructure, automated deployments, improved security, and maintained scalable services.","Seeking a Cloud Engineer experienced in Terraform, networking, cloud architecture, Kubernetes, AWS, Docker. The role includes designing cloud infrastructure, managing deployments, improving reliability, and supporting secure systems.",0.81,high
"Data Scientist with 8 years of experience using scikit-learn, Pandas, data visualization, SQL, NumPy. Built predictive models, performed exploratory data analysis, cleaned datasets, and communicated insights to stakeholders.","Looking for a Data Scientist skilled in Python, SQL, NumPy, Pandas, data visualization, scikit-learn. Responsibilities include data analysis, feature engineering, model development, evaluation, and presenting business insights.",0.93,HIGH
"Machine Learning Engineer with 6 years of experience working with AWS, PyTorch, Python, Docker, Machine Learning, TensorFlow, MLOps. Developed training pipelines, deployed ML models, optimized inference, and monitored model performance.","Seeking a Machine Learning Engineer with strong experience in Docker, TensorFlow, Python, PyTorch, Machine Learning. You will build, train, deploy, and maintain production machine learning systems.",0.76,HIGH
"Frontend Developer with 7 years of experience creating responsive web applications using CSS, HTML, JavaScript, React, Git. Focused on reusable components, performance, accessibility, and user experience.","We need a Frontend Developer experienced with HTML, React, CSS, TypeScript, REST APIs, Git, JavaScript. The role involves building responsive interfaces, integrating APIs, improving performance, and collaborating with designers.",0.8,high
"UI/UX Designer with 6 years of experience in Figma, prototyping, wireframing. Created user flows, prototypes, design systems, and interfaces based on user research and testing.","We are hiring a Python Developer with experience in FastAPI, Django, REST APIs, PostgreSQL, Docker. The candidate should build scalable backend services, develop REST APIs, work with databases, and collaborate using Git. Preferred transferable experience includes Python, SQL, APIs, analytics, cloud, or software development depending on the project.",0.55,MEDIUM
"Cloud Engineer with 7 years of experience using Linux, networking, Kubernetes. Designed cloud infrastructure, automated deployments, improved security, and maintained scalable services.","We are hiring a Data Analyst with experience in Python, Tableau, Pandas, Power BI, SQL. You will analyze datasets, create dashboards, write SQL queries, and communicate actionable insights. Preferred transferable experience includes Python, SQL, APIs, analytics, cloud, or software development depending on the project.",0.49,medium
"Cybersecurity Analyst with 3 years of experience in vulnerability assessment, network security, Python, Linux, SIEM, security monitoring, incident response. Investigated alerts, performed vulnerability assessments, supported incident response, and improved security controls.","Looking for a Cybersecurity Analyst with knowledge of SIEM, Linux, network security, incident response, security monitoring, vulnerability assessment, Python. Responsibilities include monitoring security events, investigating incidents, and supporting vulnerability management.",0.95,High
"Frontend Developer with 7 years of experience creating responsive web applications using React, HTML, REST APIs, TypeScript. Focused on reusable components, performance, accessibility, and user experience.","Looking for a Backend Developer experienced in REST APIs, Git, Python, Node.js. Responsibilities include building APIs, designing databases, improving performance, and maintaining backend services. Preferred transferable experience includes Python, SQL, APIs, analytics, cloud, or software development depending on the project.",0.59,Medium
"Data Scientist with 6 years of experience using Python, Pandas, Machine Learning, data visualization. Built predictive models, performed exploratory data analysis, cleaned datasets, and communicated insights to stakeholders.","Seeking a Business Analyst with experience in process analysis, Excel, SQL, Power BI. The candidate will gather requirements, analyze business processes, prepare documentation, and work with stakeholders.",0.25,LOW
"Business Analyst with 8 years of experience in stakeholder management, process analysis, SQL, Power BI, Excel, requirements gathering, documentation. Gathered requirements, analyzed processes, prepared documentation, and supported data-driven decisions.","Seeking a Business Analyst with experience in Power BI, Excel, requirements gathering, process analysis, stakeholder management, SQL, documentation. The candidate will gather requirements, analyze business processes, prepare documentation, and work with stakeholders.",0.94,High
"Business Analyst with 7 years of experience in stakeholder management, SQL, requirements gathering. Gathered requirements, analyzed processes, prepared documentation, and supported data-driven decisions.","Looking for a Backend Developer experienced in Git, Node.js, Docker. Responsibilities include building APIs, designing databases, improving performance, and maintaining backend services. Preferred transferable experience includes Python, SQL, APIs, analytics, cloud, or software development depending on the project.",0.64,medium
"UI/UX Designer with 2 years of experience in wireframing, responsive design, design systems, Figma, prototyping. Created user flows, prototypes, design systems, and interfaces based on user research and testing.","Hiring a UI/UX Designer skilled in prototyping, user research, usability testing, design systems, responsive design. You will conduct user research, create wireframes and prototypes, maintain design systems, and improve product usability.",0.84,High
"Machine Learning Engineer with 7 years of experience working with PyTorch, AWS, Machine Learning. Developed training pipelines, deployed ML models, optimized inference, and monitored model performance.","We are hiring a Python Developer with experience in PostgreSQL, Git, Docker, FastAPI, REST APIs. The candidate should build scalable backend services, develop REST APIs, work with databases, and collaborate using Git.",0.13,low
"Java Developer with 6 years of experience developing enterprise applications using SQL, Git, REST APIs, Docker, Java, Hibernate. Built backend services, integrated databases, and maintained reliable APIs.","Hiring a Java Developer with experience in Spring Boot, Java, REST APIs, Git, Hibernate, Docker. Responsibilities include designing backend services, developing APIs, working with databases, and writing maintainable code.",0.76,HIGH
"DevOps Engineer with 4 years of experience using CI/CD, Linux, Docker, Git. Automated deployments, managed cloud infrastructure, monitored systems, and improved reliability.","Looking for a Data Scientist skilled in SQL, Python, data visualization. Responsibilities include data analysis, feature engineering, model development, evaluation, and presenting business insights.",0.14,Low
"Data Scientist with 2 years of experience using Pandas, SQL, Machine Learning, scikit-learn. Built predictive models, performed exploratory data analysis, cleaned datasets, and communicated insights to stakeholders.","We need a Frontend Developer experienced with React, Git, HTML. The role involves building responsive interfaces, integrating APIs, improving performance, and collaborating with designers. Preferred transferable experience includes Python, SQL, APIs, analytics, cloud, or software development depending on the project.",0.65,MEDIUM
"Backend Developer with 4 years of experience building server-side applications using Python, SQL, Docker, Node.js. Designed APIs, optimized databases, and delivered reliable services.","Hiring a Java Developer with experience in SQL, Java, Spring Boot. Responsibilities include designing backend services, developing APIs, working with databases, and writing maintainable code.",0.09,low
"Cloud Engineer with 4 years of experience using cloud architecture, Docker, Terraform, Kubernetes, AWS. Designed cloud infrastructure, automated deployments, improved security, and maintained scalable services.","We need a Frontend Developer experienced with React, Git, TypeScript, CSS, JavaScript. The role involves building responsive interfaces, integrating APIs, improving performance, and collaborating with designers. Preferred transferable experience includes Python, SQL, APIs, analytics, cloud, or software development depending on the project.",0.67,Medium
,Data analyst role requiring SQL and Power BI.,0.52,medium
"Cybersecurity Analyst with 5 years of experience in incident response, vulnerability assessment, network security, Python. Investigated alerts, performed vulnerability assessments, supported incident response, and improved security controls.","We need a Frontend Developer experienced with JavaScript, TypeScript, React, REST APIs. The role involves building responsive interfaces, integrating APIs, improving performance, and collaborating with designers. Preferred transferable experience includes Python, SQL, APIs, analytics, cloud, or software development depending on the project.",0.48,MEDIUM
"Data Scientist with 8 years of experience using scikit-learn, Machine Learning, SQL, Python, NumPy. Built predictive models, performed exploratory data analysis, cleaned datasets, and communicated insights to stakeholders.","We need a Frontend Developer experienced with CSS, Git, TypeScript, REST APIs. The role involves building responsive interfaces, integrating APIs, improving performance, and collaborating with designers. Preferred transferable experience includes Python, SQL, APIs, analytics, cloud, or software development depending on the project.",0.56,medium
"Frontend Developer with 4 years of experience creating responsive web applications using HTML, CSS, Git, JavaScript, TypeScript, REST APIs. Focused on reusable components, performance, accessibility, and user experience.","We need a Frontend Developer experienced with React, HTML, TypeScript, JavaScript, Git, REST APIs, CSS. The role involves building responsive interfaces, integrating APIs, improving performance, and collaborating with designers.",0.79,high
"Data Analyst with 7 years of experience using Python, Excel, data visualization, SQL. Created dashboards, cleaned data, performed analysis, and delivered reports that support business decisions.","Seeking a Machine Learning Engineer with strong experience in Python, Machine Learning, AWS, PyTorch. You will build, train, deploy, and maintain production machine learning systems.",0.31,low
"Data Analyst with 3 years of experience using Python, SQL, Tableau, Power BI. Created dashboards, cleaned data, performed analysis, and delivered reports that support business decisions.","Seeking a Cloud Engineer experienced in Linux, AWS, cloud architecture, Terraform. The role includes designing cloud infrastructure, managing deployments, improving reliability, and supporting secure systems. Preferred transferable experience includes Python, SQL, APIs, analytics, cloud, or software development depending on the project.",0.55,MEDIUM
,Hiring a Python developer with Django and API experience.,0.87,high
"Cybersecurity Analyst with 5 years of experience in incident response, SIEM, network security, Python, Linux, vulnerability assessment, security monitoring. Investigated alerts, performed vulnerability assessments, supported incident response, and improved security controls.","Looking for a Cybersecurity Analyst with knowledge of security monitoring, Python, incident response, Linux, network security. Responsibilities include monitoring security events, investigating incidents, and supporting vulnerability management.",0.79,HIGH
"Data Scientist with 4 years of experience using Machine Learning, NumPy, data visualization, scikit-learn, Python. Built predictive models, performed exploratory data analysis, cleaned datasets, and communicated insights to stakeholders.","Looking for a Data Scientist skilled in NumPy, Pandas, scikit-learn, data visualization, Machine Learning, Python. Responsibilities include data analysis, feature engineering, model development, evaluation, and presenting business insights.",0.79,High
"Frontend Developer with 5 years of experience creating responsive web applications using TypeScript, JavaScript, Git, CSS, REST APIs. Focused on reusable components, performance, accessibility, and user experience.","We need a Frontend Developer experienced with REST APIs, React, Git, CSS, HTML, JavaScript, TypeScript. The role involves building responsive interfaces, integrating APIs, improving performance, and collaborating with designers.",0.86,HIGH
"Cybersecurity Analyst with 5 years of experience in vulnerability assessment, incident response, Python, security monitoring, SIEM. Investigated alerts, performed vulnerability assessments, supported incident response, and improved security controls.","Looking for a Cybersecurity Analyst with knowledge of Python, network security, SIEM, Linux, vulnerability assessment, security monitoring, incident response. Responsibilities include monitoring security events, investigating incidents, and supporting vulnerability management.",0.32,high
"Frontend Developer with 3 years of experience creating responsive web applications using CSS, JavaScript, Git, REST APIs, TypeScript, React, HTML. Focused on reusable components, performance, accessibility, and user experience.","We need a Frontend Developer experienced with HTML, JavaScript, REST APIs, TypeScript, React. The role involves building responsive interfaces, integrating APIs, improving performance, and collaborating with designers.",0.84,high
"Python developer with 9 years of experience building backend applications using REST APIs, Python, Docker. Experienced in API development, database design, debugging, testing, and collaborating with development teams.","Seeking a Machine Learning Engineer with strong experience in MLOps, PyTorch, TensorFlow. You will build, train, deploy, and maintain production machine learning systems. Preferred transferable experience includes Python, SQL, APIs, analytics, cloud, or software development depending on the project.",0.45,Medium
"Java Developer with 4 years of experience developing enterprise applications using REST APIs, Java, Hibernate, Spring Boot, Git, SQL, Docker. Built backend services, integrated databases, and maintained reliable APIs.","Hiring a Java Developer with experience in Docker, REST APIs, Java, Hibernate, Spring Boot, Git, SQL. Responsibilities include designing backend services, developing APIs, working with databases, and writing maintainable code.",0.94,High
"Backend Developer with 8 years of experience building server-side applications using Node.js, Docker, Git. Designed APIs, optimized databases, and delivered reliable services.","We are hiring a Python Developer with experience in Git, Django, Python. The candidate should build scalable backend services, develop REST APIs, work with databases, and collaborate using Git. Preferred transferable experience includes Python, SQL, APIs, analytics, cloud, or software development depending on the project.",0.47,Medium
"Cybersecurity Analyst with 9 years of experience in incident response, SIEM, network security, vulnerability assessment. Investigated alerts, performed vulnerability assessments, supported incident response, and improved security controls.","Seeking a DevOps Engineer skilled in Git, AWS, Linux. The candidate will manage infrastructure, automate CI/CD pipelines, deploy containers, and monitor production systems.",0.1,low
"Frontend Developer with 3 years of experience creating responsive web applications using TypeScript, JavaScript, HTML, REST APIs, Git. Focused on reusable components, performance, accessibility, and user experience.","Seeking a Cloud Engineer experienced in networking, Terraform, Kubernetes, Docker. The role includes designing cloud infrastructure, managing deployments, improving reliability, and supporting secure systems.",0.21,low
"Python developer with 5 years of experience building backend applications using Python, FastAPI, Docker, REST APIs, Git. Experienced in API development, database design, debugging, testing, and collaborating with development teams.","Looking for a Cybersecurity Analyst with knowledge of security monitoring, Linux, SIEM, vulnerability assessment. Responsibilities include monitoring security events, investigating incidents, and supporting vulnerability management.",0.08,LOW
"Frontend Developer with 7 years of experience creating responsive web applications using REST APIs, HTML, Git, React. Focused on reusable components, performance, accessibility, and user experience.","Seeking a Cloud Engineer experienced in networking, Kubernetes, Docker, AWS, Linux. The role includes designing cloud infrastructure, managing deployments, improving reliability, and supporting secure systems. Preferred transferable experience includes Python, SQL, APIs, analytics, cloud, or software development depending on the project.",0.43,Medium
"Data Analyst with 3 years of experience using SQL, Python, Excel. Created dashboards, cleaned data, performed analysis, and delivered reports that support business decisions.","Looking for a Data Scientist skilled in Python, NumPy, scikit-learn. Responsibilities include data analysis, feature engineering, model development, evaluation, and presenting business insights.",0.14,LOW
"Java Developer with 9 years of experience developing enterprise applications using Hibernate, SQL, Docker, REST APIs, Spring Boot. Built backend services, integrated databases, and maintained reliable APIs.","We need a Frontend Developer experienced with TypeScript, Git, REST APIs. The role involves building responsive interfaces, integrating APIs, improving performance, and collaborating with designers. Preferred transferable experience includes Python, SQL, APIs, analytics, cloud, or software development depending on the project.",0.51,Medium
"Java Developer with 5 years of experience developing enterprise applications using Git, REST APIs, Hibernate, Spring Boot. Built backend services, integrated databases, and maintained reliable APIs.","Looking for a Data Scientist skilled in Pandas, scikit-learn, SQL, Python, data visualization. Responsibilities include data analysis, feature engineering, model development, evaluation, and presenting business insights. Preferred transferable experience includes Python, SQL, APIs, analytics, cloud, or software development depending on the project.",0.59,MEDIUM
"Machine Learning Engineer with 7 years of experience working with MLOps, Python, TensorFlow. Developed training pipelines, deployed ML models, optimized inference, and monitored model performance.","Seeking a Business Analyst with experience in Power BI, stakeholder management, process analysis, documentation, Excel. The candidate will gather requirements, analyze business processes, prepare documentation, and work with stakeholders.",0.27,LOW
"Backend Developer with 2 years of experience building server-side applications using Docker, REST APIs, Node.js, PostgreSQL, Python. Designed APIs, optimized databases, and delivered reliable services.","Looking for a Backend Developer experienced in Python, Docker, PostgreSQL, Git, REST APIs, Node.js, SQL. Responsibilities include building APIs, designing databases, improving performance, and maintaining backend services.",0.76,high
"Cloud Engineer with 8 years of experience using networking, cloud architecture, AWS, Kubernetes. Designed cloud infrastructure, automated deployments, improved security, and maintained scalable services.","Seeking a Business Analyst with experience in documentation, stakeholder management, Power BI, requirements gathering. The candidate will gather requirements, analyze business processes, prepare documentation, and work with stakeholders.",0.31,Low
"Java Developer with 9 years of experience developing enterprise applications using Hibernate, Git, REST APIs. Built backend services, integrated databases, and maintained reliable APIs.","Seeking a Business Analyst with experience in SQL, process analysis, requirements gathering, Power BI, stakeholder management. The candidate will gather requirements, analyze business processes, prepare documentation, and work with stakeholders. Preferred transferable experience includes Python, SQL, APIs, analytics, cloud, or software development depending on the project.",0.56,MEDIUM
"Backend Developer with 8 years of experience building server-side applications using Node.js, PostgreSQL, Python, REST APIs, SQL, Git, Docker. Designed APIs, optimized databases, and delivered reliable services.","Looking for a Backend Developer experienced in Docker, Git, PostgreSQL, Python, REST APIs. Responsibilities include building APIs, designing databases, improving performance, and maintaining backend services.",0.88,HIGH
"Cybersecurity Analyst with 8 years of experience in vulnerability assessment, security monitoring, SIEM, incident response, Linux, network security, Python. Investigated alerts, performed vulnerability assessments, supported incident response, and improved security controls.","Looking for a Cybersecurity Analyst with knowledge of SIEM, Python, Linux, incident response, security monitoring, vulnerability assessment. Responsibilities include monitoring security events, investigating incidents, and supporting vulnerability management.",0.84,high
"Data Scientist with 5 years of experience using NumPy, SQL, Pandas, scikit-learn, Python, data visualization, Machine Learning. Built predictive models, performed exploratory data analysis, cleaned datasets, and communicated insights to stakeholders.","Looking for a Data Scientist skilled in Python, scikit-learn, data visualization, Pandas, NumPy, Machine Learning. Responsibilities include data analysis, feature engineering, model development, evaluation, and presenting business insights.",0.83,HIGH
"Business Analyst with 6 years of experience in requirements gathering, SQL, Excel, process analysis, Power BI, documentation, stakeholder management. Gathered requirements, analyzed processes, prepared documentation, and supported data-driven decisions.","Seeking a Business Analyst with experience in process analysis, stakeholder management, SQL, Excel, requirements gathering. The candidate will gather requirements, analyze business processes, prepare documentation, and work with stakeholders.",0.94,HIGH
"Backend Developer with 2 years of experience building server-side applications using Docker, PostgreSQL, REST APIs, Python, SQL, Node.js, Git. Designed APIs, optimized databases, and delivered reliable services.","Looking for a Backend Developer experienced in Docker, PostgreSQL, Node.js, REST APIs, Git. Responsibilities include building APIs, designing databases, improving performance, and maintaining backend services.",0.87,HIGH
"Python developer with 5 years of experience building backend applications using Docker, Python, FastAPI, REST APIs. Experienced in API development, database design, debugging, testing, and collaborating with development teams.","Seeking a Machine Learning Engineer with strong experience in Python, MLOps, TensorFlow, Machine Learning. You will build, train, deploy, and maintain production machine learning systems. Preferred transferable experience includes Python, SQL, APIs, analytics, cloud, or software development depending on the project.",0.55,Medium
"Business Analyst with 3 years of experience in Excel, documentation, process analysis, SQL. Gathered requirements, analyzed processes, prepared documentation, and supported data-driven decisions.","Looking for a Backend Developer experienced in Docker, SQL, Git. Responsibilities include building APIs, designing databases, improving performance, and maintaining backend services.",0.24,low
"Cloud Engineer with 9 years of experience using cloud architecture, Kubernetes, Linux, networking, AWS. Designed cloud infrastructure, automated deployments, improved security, and maintained scalable services.","Seeking a Cloud Engineer experienced in Linux, Kubernetes, Docker, networking, cloud architecture. The role includes designing cloud infrastructure, managing deployments, improving reliability, and supporting secure systems.",0.84,HIGH
"DevOps Engineer with 7 years of experience using Linux, Kubernetes, AWS, Docker, CI/CD, Git, Terraform. Automated deployments, managed cloud infrastructure, monitored systems, and improved reliability.","Seeking a DevOps Engineer skilled in Docker, Kubernetes, Terraform, AWS, Git. The candidate will manage infrastructure, automate CI/CD pipelines, deploy containers, and monitor production systems.",0.75,high
"DevOps Engineer with 3 years of experience using Git, Terraform, Linux, AWS, CI/CD. Automated deployments, managed cloud infrastructure, monitored systems, and improved reliability.","Seeking a DevOps Engineer skilled in Git, Linux, AWS, Docker, Terraform. The candidate will manage infrastructure, automate CI/CD pipelines, deploy containers, and monitor production systems.",0.78,HIGH
"Data Analyst with 8 years of experience using SQL, Power BI, Python, Excel. Created dashboards, cleaned data, performed analysis, and delivered reports that support business decisions.","Seeking a Cloud Engineer experienced in Docker, Kubernetes, networking, AWS. The role includes designing cloud infrastructure, managing deployments, improving reliability, and supporting secure systems.",0.08,LOW
"UI/UX Designer with 2 years of experience in Figma, usability testing, responsive design, wireframing, design systems. Created user flows, prototypes, design systems, and interfaces based on user research and testing.","Hiring a UI/UX Designer skilled in responsive design, prototyping, Figma, wireframing, user research. You will conduct user research, create wireframes and prototypes, maintain design systems, and improve product usability.",0.87,high
"Cloud Engineer with 8 years of experience using AWS, Kubernetes, Terraform. Designed cloud infrastructure, automated deployments, improved security, and maintained scalable services.","Hiring a Java Developer with experience in REST APIs, Hibernate, Git. Responsibilities include designing backend services, developing APIs, working with databases, and writing maintainable code. Preferred transferable experience includes Python, SQL, APIs, analytics, cloud, or software development depending on the project.",0.43,Medium
"Java Developer with 3 years of experience developing enterprise applications using Docker, SQL, REST APIs, Java, Hibernate, Spring Boot. Built backend services, integrated databases, and maintained reliable APIs.","Hiring a Java Developer with experience in Java, Spring Boot, REST APIs, Hibernate, SQL, Git. Responsibilities include designing backend services, developing APIs, working with databases, and writing maintainable code.",0.88,high
"DevOps Engineer with 6 years of experience using Terraform, AWS, Docker, CI/CD. Automated deployments, managed cloud infrastructure, monitored systems, and improved reliability.","We need a Frontend Developer experienced with TypeScript, CSS, React, REST APIs. The role involves building responsive interfaces, integrating APIs, improving performance, and collaborating with designers.",0.1,Low
"DevOps Engineer with 4 years of experience using AWS, Kubernetes, CI/CD. Automated deployments, managed cloud infrastructure, monitored systems, and improved reliability.","Seeking a Cloud Engineer experienced in Linux, Docker, cloud architecture, AWS. The role includes designing cloud infrastructure, managing deployments, improving reliability, and supporting secure systems. Preferred transferable experience includes Python, SQL, APIs, analytics, cloud, or software development depending on the project.",0.41,medium
"UI/UX Designer with 2 years of experience in Figma, usability testing, user research, prototyping. Created user flows, prototypes, design systems, and interfaces based on user research and testing.","Looking for a Cybersecurity Analyst with knowledge of security monitoring, vulnerability assessment, SIEM, network security, Python. Responsibilities include monitoring security events, investigating incidents, and supporting vulnerability management. Preferred transferable experience includes Python, SQL, APIs, analytics, cloud, or software development depending on the project.",0.65,MEDIUM
"Cybersecurity Analyst with 2 years of experience in security monitoring, Linux, Python, vulnerability assessment, network security, SIEM, incident response. Investigated alerts, performed vulnerability assessments, supported incident response, and improved security controls.","Looking for a Cybersecurity Analyst with knowledge of security monitoring, Python, Linux, SIEM, vulnerability assessment, network security. Responsibilities include monitoring security events, investigating incidents, and supporting vulnerability management.",0.8,High
"Data Scientist with 5 years of experience using data visualization, Pandas, Python, Machine Learning, scikit-learn. Built predictive models, performed exploratory data analysis, cleaned datasets, and communicated insights to stakeholders.","Looking for a Data Scientist skilled in Pandas, NumPy, data visualization, Machine Learning, SQL, scikit-learn. Responsibilities include data analysis, feature engineering, model development, evaluation, and presenting business insights.",0.79,High
"Java Developer with 2 years of experience developing enterprise applications using REST APIs, Java, Git, Docker, SQL. Built backend services, integrated databases, and maintained reliable APIs.","Hiring a UI/UX Designer skilled in Figma, user research, usability testing, design systems, responsive design. You will conduct user research, create wireframes and prototypes, maintain design systems, and improve product usability.",0.21,Low
"Cloud Engineer with 6 years of experience using AWS, networking, Kubernetes. Designed cloud infrastructure, automated deployments, improved security, and maintained scalable services.","Looking for a Backend Developer experienced in PostgreSQL, Node.js, REST APIs. Responsibilities include building APIs, designing databases, improving performance, and maintaining backend services.",0.3,low
